customer_id,cutoff_date,amount,has_full_months
1,2021-01-01,41217.08,True
1,2021-02-01,48969.98,True
1,2021-03-01,33564.35,True
1,2021-04-01,6543.62,True
1,2021-05-01,30311.81,True
1,2021-06-01,40808.1,True
1,2021-07-01,48102.71,True
1,2021-08-01,15100.6,True
1,2021-09-01,44219.72,True
1,2021-10-01,45992.39,True
1,2021-11-01,738.01,True
1,2021-12-01,46892.18,True
1,2022-01-01,30858.53,True
1,2022-02-01,27262.94,True
1,2022-03-01,16794.78,True
1,2022-04-01,11206.15,True
1,2022-05-01,48435.95,True
1,2022-06-01,46674.3,True
1,2022-07-01,28267.97,True
1,2022-08-01,15815.85,True
1,2022-09-01,17535.42,True
1,2022-10-01,5190.7,True
1,2022-11-01,29788.01,True
1,2022-12-01,25250.62,True
1,2023-01-01,43802.84,True
1,2023-02-01,10602.04,True
1,2023-03-01,33071.8,True
1,2023-04-01,30217.57,True
1,2023-05-01,7309.82,True
1,2023-06-01,35007.94,True
1,2023-07-01,29370.23,True
1,2023-08-01,38901.08,True
1,2023-09-01,8341.58,True
1,2023-10-01,33622.52,True
1,2023-11-01,21242.76,True
1,2023-12-01,18206.38,True
1,2024-01-01,3500.15,True
1,2024-02-01,19863.17,True
1,2024-03-01,5235.0,True
1,2024-04-01,31138.45,True
1,2024-05-01,5626.83,True
1,2024-06-01,11995.0,True
1,2024-07-01,19211.52,True
1,2024-08-01,42982.31,True
1,2024-09-01,1414.37,True
1,2024-10-01,17079.07,True
1,2024-11-01,15843.72,True
1,2024-12-01,29240.81,True
2,2021-01-01,9259.67,True
2,2021-02-01,29928.67,True
2,2021-03-01,34067.11,True
2,2021-04-01,19858.1,True
2,2021-05-01,16422.79,True
2,2021-06-01,44865.31,True
2,2021-07-01,11267.66,True
2,2021-08-01,34748.52,True
2,2021-09-01,8953.52,True
2,2021-10-01,47248.05,True
2,2021-11-01,5714.02,True
2,2021-12-01,10578.46,True
2,2022-01-01,48999.52,True
2,2022-02-01,10628.72,True
2,2022-03-01,37163.71,True
2,2022-04-01,7663.5,True
2,2022-05-01,8486.52,True
2,2022-06-01,12884.33,True
2,2022-07-01,47802.93,True
2,2022-08-01,35444.8,True
2,2022-09-01,12470.21,True
2,2022-10-01,36868.86,True
2,2022-11-01,43494.73,True
2,2022-12-01,19583.22,True
2,2023-01-01,6956.19,True
2,2023-02-01,31462.25,True
2,2023-03-01,41384.52,True
2,2023-04-01,1378.12,True
2,2023-05-01,34716.99,True
2,2023-06-01,22422.96,True
2,2023-07-01,12924.77,True
2,2023-08-01,472.5,True
2,2023-09-01,13199.26,True
2,2023-10-01,49634.73,True
2,2023-11-01,47046.88,True
2,2023-12-01,27773.52,True
2,2024-01-01,43088.5,True
2,2024-02-01,44393.56,True
2,2024-03-01,15484.5,True
2,2024-04-01,6115.51,True
2,2024-05-01,20286.0,True
2,2024-06-01,32484.89,True
2,2024-07-01,1813.29,True
2,2024-08-01,7394.23,True
2,2024-09-01,41666.76,True
2,2024-10-01,42006.45,True
2,2024-11-01,48126.57,True
2,2024-12-01,48945.25,True
3,2021-01-01,35863.52,True
3,2021-02-01,17517.4,True
3,2021-03-01,1690.45,True
3,2021-04-01,43080.43,True
3,2021-05-01,22973.0,True
3,2021-06-01,6907.33,True
3,2021-07-01,24051.81,True
3,2021-08-01,31190.34,True
3,2021-09-01,26960.91,True
3,2021-10-01,32517.04,True
3,2021-11-01,22204.99,True
3,2021-12-01,2230.2,True
3,2022-01-01,4202.65,True
3,2022-02-01,6227.67,True
3,2022-03-01,28916.72,True
3,2022-04-01,21028.7,True
3,2022-05-01,1015.97,True
3,2022-06-01,14407.42,True
3,2022-07-01,28480.86,True
3,2022-08-01,40823.1,True
3,2022-09-01,12231.9,True
3,2022-10-01,11289.17,True
3,2022-11-01,33402.33,True
3,2022-12-01,15918.66,True
3,2023-01-01,15064.97,True
3,2023-02-01,27524.5,True
3,2023-03-01,21979.54,True
3,2023-04-01,48526.91,True
3,2023-05-01,17849.44,True
3,2023-06-01,42009.18,True
3,2023-07-01,21210.53,True
3,2023-08-01,43231.73,True
3,2023-09-01,8069.99,True
3,2023-10-01,6974.66,True
3,2023-11-01,47702.89,True
3,2023-12-01,37400.38,True
3,2024-01-01,23343.4,True
3,2024-02-01,10553.29,True
3,2024-03-01,13927.09,True
3,2024-04-01,19468.74,True
3,2024-05-01,42241.21,True
3,2024-06-01,27827.1,True
3,2024-07-01,26482.2,True
3,2024-08-01,24642.84,True
3,2024-09-01,37768.46,True
3,2024-10-01,39563.43,True
3,2024-11-01,42620.1,True
3,2024-12-01,31651.68,True
4,2021-01-01,10539.18,True
4,2021-02-01,9868.38,True
4,2021-03-01,32664.45,True
4,2021-04-01,34540.85,True
4,2021-05-01,2138.46,True
4,2021-06-01,11888.42,True
4,2021-07-01,4536.43,True
4,2021-08-01,31093.13,True
4,2021-09-01,5478.84,True
4,2021-10-01,32432.52,True
4,2021-11-01,33332.56,True
4,2021-12-01,21380.29,True
4,2022-01-01,1468.01,True
4,2022-02-01,17707.95,True
4,2022-03-01,44195.47,True
4,2022-04-01,43988.51,True
4,2022-05-01,25467.8,True
4,2022-06-01,30343.42,True
4,2022-07-01,47932.72,True
4,2022-08-01,3081.73,True
4,2022-09-01,2932.39,True
4,2022-10-01,16964.94,True
4,2022-11-01,11411.59,True
4,2022-12-01,41107.11,True
4,2023-01-01,40687.7,True
4,2023-02-01,17746.66,True
4,2023-03-01,7013.94,True
4,2023-04-01,11824.37,True
4,2023-05-01,46341.74,True
4,2023-06-01,16347.18,True
4,2023-07-01,46781.35,True
4,2023-08-01,17404.75,True
4,2023-09-01,29185.36,True
4,2023-10-01,38541.83,True
4,2023-11-01,5671.85,True
4,2023-12-01,8708.83,True
4,2024-01-01,15825.71,True
4,2024-02-01,16325.57,True
4,2024-03-01,44932.37,True
4,2024-04-01,25199.01,True
4,2024-05-01,27778.21,True
4,2024-06-01,20689.48,True
4,2024-07-01,7102.88,True
4,2024-08-01,8551.79,True
4,2024-09-01,33406.99,True
4,2024-10-01,30219.38,True
4,2024-11-01,24378.69,True
4,2024-12-01,7792.9,True
5,2021-01-01,9895.64,True
5,2021-02-01,32024.35,True
5,2021-03-01,24210.31,True
5,2021-04-01,49168.3,True
5,2021-05-01,4432.91,True
5,2021-06-01,47219.19,True
5,2021-07-01,38901.89,True
5,2021-08-01,25800.27,True
5,2021-09-01,6034.61,True
5,2021-10-01,28840.76,True
5,2021-11-01,17999.11,True
5,2021-12-01,8147.51,True
5,2022-01-01,42999.52,True
5,2022-02-01,18251.5,True
5,2022-03-01,20214.85,True
5,2022-04-01,18041.55,True
5,2022-05-01,43822.9,True
5,2022-06-01,6915.37,True
5,2022-07-01,20560.29,True
5,2022-08-01,22503.88,True
5,2022-09-01,12976.96,True
5,2022-10-01,44921.21,True
5,2022-11-01,31131.01,True
5,2022-12-01,34427.26,True
5,2023-01-01,8188.04,True
5,2023-02-01,49391.43,True
5,2023-03-01,26632.52,True
5,2023-04-01,34769.61,True
5,2023-05-01,40657.94,True
5,2023-06-01,5458.0,True
5,2023-07-01,45484.4,True
5,2023-08-01,19709.68,True
5,2023-09-01,14188.69,True
5,2023-10-01,36454.68,True
5,2023-11-01,9070.12,True
5,2023-12-01,32603.67,True
5,2024-01-01,45478.52,True
5,2024-02-01,10158.97,True
5,2024-03-01,15009.83,True
5,2024-04-01,5931.54,True
5,2024-05-01,37987.96,True
5,2024-06-01,12127.59,True
5,2024-07-01,39900.89,True
5,2024-08-01,6670.18,True
5,2024-09-01,9112.98,True
5,2024-10-01,25995.07,True
5,2024-11-01,2051.24,True
5,2024-12-01,23643.9,True
6,2021-01-01,13275.79,True
6,2021-02-01,10483.22,True
6,2021-03-01,12307.96,True
6,2021-04-01,32201.99,True
6,2021-05-01,10527.75,True
6,2021-06-01,45032.55,True
6,2021-07-01,35992.47,True
6,2021-08-01,38826.43,True
6,2021-09-01,206.45,True
6,2021-10-01,34262.97,True
6,2021-11-01,43151.72,True
6,2021-12-01,32956.12,True
6,2022-01-01,5107.21,True
6,2022-02-01,28249.1,True
6,2022-03-01,2948.46,True
6,2022-04-01,3296.39,True
6,2022-05-01,12539.84,True
6,2022-06-01,28592.94,True
6,2022-07-01,22805.39,True
6,2022-08-01,21084.27,True
6,2022-09-01,41725.66,True
6,2022-10-01,34829.01,True
6,2022-11-01,30463.11,True
6,2022-12-01,14805.88,True
6,2023-01-01,3367.14,True
6,2023-02-01,23460.65,True
6,2023-03-01,20334.49,True
6,2023-04-01,1244.83,True
6,2023-05-01,40274.31,True
6,2023-06-01,31253.55,True
6,2023-07-01,1450.85,True
6,2023-08-01,40774.36,True
6,2023-09-01,7576.37,True
6,2023-10-01,559.17,True
6,2023-11-01,25952.44,True
6,2023-12-01,120.6,True
6,2024-01-01,8662.23,True
6,2024-02-01,31814.17,True
6,2024-03-01,43192.06,True
6,2024-04-01,6787.02,True
6,2024-05-01,862.15,True
6,2024-06-01,24064.81,True
6,2024-07-01,1175.64,True
6,2024-08-01,207.77,True
6,2024-09-01,32716.65,True
6,2024-10-01,1556.85,True
6,2024-11-01,39169.53,True
6,2024-12-01,17375.23,True
7,2021-01-01,41731.53,True
7,2021-02-01,5705.27,True
7,2021-03-01,26196.29,True
7,2021-04-01,44088.68,True
7,2021-05-01,33608.0,True
7,2021-06-01,21169.55,True
7,2021-07-01,17513.85,True
7,2021-08-01,35876.44,True
7,2021-09-01,3475.49,True
7,2021-10-01,48723.28,True
7,2021-11-01,22528.08,True
7,2021-12-01,46860.15,True
7,2022-01-01,34177.11,True
7,2022-02-01,41326.83,True
7,2022-03-01,29295.51,True
7,2022-04-01,15778.17,True
7,2022-05-01,4942.65,True
7,2022-06-01,41240.21,True
7,2022-07-01,5486.5,True
7,2022-08-01,33314.33,True
7,2022-09-01,41873.12,True
7,2022-10-01,24908.41,True
7,2022-11-01,27243.26,True
7,2022-12-01,3446.84,True
7,2023-01-01,195.48,True
7,2023-02-01,14133.93,True
7,2023-03-01,48985.97,True
7,2023-04-01,30760.19,True
7,2023-05-01,41525.6,True
7,2023-06-01,25738.4,True
7,2023-07-01,32958.59,True
7,2023-08-01,3004.18,True
7,2023-09-01,29371.97,True
7,2023-10-01,36680.27,True
7,2023-11-01,3197.84,True
7,2023-12-01,34032.88,True
7,2024-01-01,9406.04,True
7,2024-02-01,30899.68,True
7,2024-03-01,12599.24,True
7,2024-04-01,5889.78,True
7,2024-05-01,33535.18,True
7,2024-06-01,8805.06,True
7,2024-07-01,21052.11,True
7,2024-08-01,16595.15,True
7,2024-09-01,2244.92,True
7,2024-10-01,18133.66,True
7,2024-11-01,19343.88,True
7,2024-12-01,44268.71,True
8,2021-01-01,14035.79,True
8,2021-02-01,33630.86,True
8,2021-03-01,559.08,True
8,2021-04-01,26636.14,True
8,2021-05-01,43123.43,True
8,2021-06-01,22747.2,True
8,2021-07-01,19535.59,True
8,2021-08-01,5852.88,True
8,2021-09-01,46106.79,True
8,2021-10-01,40461.73,True
8,2021-11-01,6338.56,True
8,2021-12-01,13005.84,True
8,2022-01-01,25469.05,True
8,2022-02-01,39109.08,True
8,2022-03-01,23641.8,True
8,2022-04-01,43549.98,True
8,2022-05-01,14924.37,True
8,2022-06-01,20454.38,True
8,2022-07-01,48912.67,True
8,2022-08-01,33901.94,True
8,2022-09-01,25963.35,True
8,2022-10-01,39672.05,True
8,2022-11-01,19560.78,True
8,2022-12-01,45681.49,True
8,2023-01-01,6392.18,True
8,2023-02-01,47476.0,True
8,2023-03-01,27358.11,True
8,2023-04-01,6730.27,True
8,2023-05-01,42205.58,True
8,2023-06-01,25230.8,True
8,2023-07-01,24258.33,True
8,2023-08-01,46370.65,True
8,2023-09-01,6796.61,True
8,2023-10-01,34458.32,True
8,2023-11-01,44882.28,True
8,2023-12-01,11191.95,True
8,2024-01-01,22088.97,True
8,2024-02-01,24953.66,True
8,2024-03-01,13204.05,True
8,2024-04-01,31420.39,True
8,2024-05-01,6521.26,True
8,2024-06-01,28496.82,True
8,2024-07-01,29333.6,True
8,2024-08-01,34875.08,True
8,2024-09-01,9393.9,True
8,2024-10-01,13025.25,True
8,2024-11-01,47918.55,True
8,2024-12-01,2480.99,True
9,2021-01-01,36096.76,True
9,2021-02-01,1028.75,True
9,2021-03-01,34090.62,True
9,2021-04-01,36261.75,True
9,2021-05-01,27996.01,True
9,2021-06-01,28284.94,True
9,2021-07-01,7554.36,True
9,2021-08-01,39433.33,True
9,2021-09-01,5364.27,True
9,2021-10-01,39670.97,True
9,2021-11-01,19983.39,True
9,2021-12-01,36665.23,True
9,2022-01-01,48106.01,True
9,2022-02-01,48183.92,True
9,2022-03-01,17813.52,True
9,2022-04-01,19676.44,True
9,2022-05-01,10056.59,True
9,2022-06-01,43670.71,True
9,2022-07-01,34557.76,True
9,2022-08-01,26504.85,True
9,2022-09-01,31756.54,True
9,2022-10-01,28114.63,True
9,2022-11-01,34447.78,True
9,2022-12-01,1428.55,True
9,2023-01-01,34560.59,True
9,2023-02-01,20209.65,True
9,2023-03-01,45801.71,True
9,2023-04-01,46334.7,True
9,2023-05-01,13816.6,True
9,2023-06-01,38223.54,True
9,2023-07-01,44272.26,True
9,2023-08-01,39300.62,True
9,2023-09-01,4385.38,True
9,2023-10-01,27660.52,True
9,2023-11-01,19066.34,True
9,2023-12-01,32461.33,True
9,2024-01-01,4446.81,True
9,2024-02-01,6083.24,True
9,2024-03-01,36340.74,True
9,2024-04-01,21569.77,True
9,2024-05-01,19463.43,True
9,2024-06-01,49431.43,True
9,2024-07-01,45852.46,True
9,2024-08-01,18712.48,True
9,2024-09-01,25650.66,True
9,2024-10-01,29969.72,True
9,2024-11-01,20292.29,True
9,2024-12-01,21390.21,True
10,2021-01-01,33074.78,True
10,2021-02-01,35323.39,True
10,2021-03-01,41344.42,True
10,2021-04-01,42009.64,True
10,2021-05-01,30424.98,True
10,2021-06-01,45540.52,True
10,2021-07-01,17856.11,True
10,2021-08-01,19387.77,True
10,2021-09-01,13096.42,True
10,2021-10-01,11982.12,True
10,2021-11-01,20212.84,True
10,2021-12-01,10378.74,True
10,2022-01-01,2483.45,True
10,2022-02-01,18903.79,True
10,2022-03-01,28536.4,True
10,2022-04-01,17215.94,True
10,2022-05-01,34314.24,True
10,2022-06-01,31425.58,True
10,2022-07-01,6573.47,True
10,2022-08-01,27538.74,True
10,2022-09-01,43858.86,True
10,2022-10-01,49238.32,True
10,2022-11-01,2263.26,True
10,2022-12-01,24208.19,True
10,2023-01-01,21082.47,True
10,2023-02-01,24051.88,True
10,2023-03-01,16637.38,True
10,2023-04-01,41008.07,True
10,2023-05-01,42843.36,True
10,2023-06-01,918.81,True
10,2023-07-01,12958.07,True
10,2023-08-01,22401.75,True
10,2023-09-01,45848.55,True
10,2023-10-01,36348.96,True
10,2023-11-01,38861.48,True
10,2023-12-01,48628.17,True
10,2024-01-01,38505.31,True
10,2024-02-01,26726.57,True
10,2024-03-01,4761.29,True
10,2024-04-01,41980.04,True
10,2024-05-01,45917.83,True
10,2024-06-01,22222.46,True
10,2024-07-01,47292.39,True
10,2024-08-01,17457.11,True
10,2024-09-01,40190.39,True
10,2024-10-01,2421.87,True
10,2024-11-01,5908.73,True
10,2024-12-01,24152.21,True
11,2021-01-01,7840.59,True
11,2021-02-01,13734.16,True
11,2021-03-01,17563.41,True
11,2021-04-01,18040.29,True
11,2021-05-01,6445.62,True
11,2021-06-01,13312.49,True
11,2021-07-01,16723.25,True
11,2021-08-01,1177.28,True
11,2021-09-01,23343.05,True
11,2021-10-01,46491.52,True
11,2021-11-01,20293.78,True
11,2021-12-01,16831.61,True
11,2022-01-01,41668.55,True
11,2022-02-01,13851.95,True
11,2022-03-01,17295.43,True
11,2022-04-01,29269.71,True
11,2022-05-01,23010.6,True
11,2022-06-01,28221.81,True
11,2022-07-01,11794.24,True
11,2022-08-01,34873.65,True
11,2022-09-01,18070.72,True
11,2022-10-01,17393.27,True
11,2022-11-01,37641.22,True
11,2022-12-01,1157.67,True
11,2023-01-01,33955.03,True
11,2023-02-01,35236.42,True
11,2023-03-01,12185.56,True
11,2023-04-01,45691.88,True
11,2023-05-01,6185.55,True
11,2023-06-01,11416.69,True
11,2023-07-01,42518.45,True
11,2023-08-01,26665.11,True
11,2023-09-01,15866.58,True
11,2023-10-01,5628.9,True
11,2023-11-01,32732.79,True
11,2023-12-01,45492.52,True
11,2024-01-01,30718.47,True
11,2024-02-01,31270.37,True
11,2024-03-01,2804.13,True
11,2024-04-01,42540.3,True
11,2024-05-01,767.71,True
11,2024-06-01,5908.42,True
11,2024-07-01,19155.29,True
11,2024-08-01,42786.17,True
11,2024-09-01,45539.29,True
11,2024-10-01,45221.93,True
11,2024-11-01,19150.65,True
11,2024-12-01,3405.55,True
12,2021-01-01,25685.63,True
12,2021-02-01,32087.59,True
12,2021-03-01,18878.64,True
12,2021-04-01,30810.95,True
12,2021-05-01,3027.39,True
12,2021-06-01,7692.11,True
12,2021-07-01,1532.36,True
12,2021-08-01,21439.64,True
12,2021-09-01,49485.74,True
12,2021-10-01,32070.14,True
12,2021-11-01,34541.05,True
12,2021-12-01,14675.56,True
12,2022-01-01,11384.48,True
12,2022-02-01,27827.98,True
12,2022-03-01,33561.4,True
12,2022-04-01,27985.96,True
12,2022-05-01,1773.27,True
12,2022-06-01,40150.59,True
12,2022-07-01,13002.26,True
12,2022-08-01,42254.01,True
12,2022-09-01,31260.46,True
12,2022-10-01,14440.97,True
12,2022-11-01,23291.12,True
12,2022-12-01,11561.95,True
12,2023-01-01,18344.33,True
12,2023-02-01,9333.56,True
12,2023-03-01,47719.66,True
12,2023-04-01,32856.46,True
12,2023-05-01,34120.17,True
12,2023-06-01,2814.81,True
12,2023-07-01,24859.99,True
12,2023-08-01,8124.84,True
12,2023-09-01,16669.27,True
12,2023-10-01,32798.48,True
12,2023-11-01,28524.33,True
12,2023-12-01,18892.83,True
12,2024-01-01,24230.89,True
12,2024-02-01,16532.23,True
12,2024-03-01,8978.02,True
12,2024-04-01,21214.37,True
12,2024-05-01,7106.36,True
12,2024-06-01,22662.09,True
12,2024-07-01,47780.22,True
12,2024-08-01,22537.92,True
12,2024-09-01,41799.85,True
12,2024-10-01,11697.09,True
12,2024-11-01,35916.42,True
12,2024-12-01,9634.21,True
13,2021-01-01,9524.22,True
13,2021-02-01,2062.97,True
13,2021-03-01,30163.08,True
13,2021-04-01,31680.41,True
13,2021-05-01,39495.85,True
13,2021-06-01,45129.95,True
13,2021-07-01,38349.9,True
13,2021-08-01,48916.62,True
13,2021-09-01,9528.4,True
13,2021-10-01,10857.35,True
13,2021-11-01,20355.77,True
13,2021-12-01,16794.84,True
13,2022-01-01,32303.73,True
13,2022-02-01,46385.99,True
13,2022-03-01,20836.83,True
13,2022-04-01,44317.42,True
13,2022-05-01,3481.93,True
13,2022-06-01,23327.78,True
13,2022-07-01,33777.0,True
13,2022-08-01,47869.25,True
13,2022-09-01,48857.09,True
13,2022-10-01,1248.21,True
13,2022-11-01,22043.66,True
13,2022-12-01,7861.3,True
13,2023-01-01,46171.1,True
13,2023-02-01,45987.71,True
13,2023-03-01,49371.46,True
13,2023-04-01,27331.25,True
13,2023-05-01,29726.54,True
13,2023-06-01,39721.96,True
13,2023-07-01,278.83,True
13,2023-08-01,10398.06,True
13,2023-09-01,26350.71,True
13,2023-10-01,39034.32,True
13,2023-11-01,20680.21,True
13,2023-12-01,49993.44,True
13,2024-01-01,19491.88,True
13,2024-02-01,48882.0,True
13,2024-03-01,2777.0,True
13,2024-04-01,29896.45,True
13,2024-05-01,4802.14,True
13,2024-06-01,6670.52,True
13,2024-07-01,21625.79,True
13,2024-08-01,11607.05,True
13,2024-09-01,21886.12,True
13,2024-10-01,12751.82,True
13,2024-11-01,47975.78,True
13,2024-12-01,41473.66,True
14,2021-01-01,17497.42,True
14,2021-02-01,38312.46,True
14,2021-03-01,31242.39,True
14,2021-04-01,15246.35,True
14,2021-05-01,10250.74,True
14,2021-06-01,28106.54,True
14,2021-07-01,29244.88,True
14,2021-08-01,31263.32,True
14,2021-09-01,47428.93,True
14,2021-10-01,8370.31,True
14,2021-11-01,23850.16,True
14,2021-12-01,38700.91,True
14,2022-01-01,30568.62,True
14,2022-02-01,1370.7,True
14,2022-03-01,22862.91,True
14,2022-04-01,39634.0,True
14,2022-05-01,11044.26,True
14,2022-06-01,28850.69,True
14,2022-07-01,20338.12,True
14,2022-08-01,30897.24,True
14,2022-09-01,30626.94,True
14,2022-10-01,25330.55,True
14,2022-11-01,522.55,True
14,2022-12-01,19472.8,True
14,2023-01-01,23765.74,True
14,2023-02-01,4817.11,True
14,2023-03-01,3188.88,True
14,2023-04-01,16593.6,True
14,2023-05-01,33503.61,True
14,2023-06-01,30371.18,True
14,2023-07-01,30179.14,True
14,2023-08-01,33785.98,True
14,2023-09-01,25456.74,True
14,2023-10-01,13048.68,True
14,2023-11-01,11696.81,True
14,2023-12-01,2904.32,True
14,2024-01-01,19871.1,True
14,2024-02-01,9898.46,True
14,2024-03-01,26866.91,True
14,2024-04-01,2041.48,True
14,2024-05-01,10540.2,True
14,2024-06-01,4128.06,True
14,2024-07-01,10940.87,True
14,2024-08-01,45782.13,True
14,2024-09-01,49910.22,True
14,2024-10-01,24690.68,True
14,2024-11-01,21847.57,True
14,2024-12-01,34779.14,True
15,2021-01-01,47408.14,True
15,2021-02-01,17246.7,True
15,2021-03-01,5129.44,True
15,2021-04-01,9053.02,True
15,2021-05-01,36353.05,True
15,2021-06-01,40336.23,True
15,2021-07-01,22279.42,True
15,2021-08-01,38749.22,True
15,2021-09-01,19070.2,True
15,2021-10-01,44951.13,True
15,2021-11-01,9468.95,True
15,2021-12-01,29798.99,True
15,2022-01-01,38838.92,True
15,2022-02-01,31296.82,True
15,2022-03-01,34736.83,True
15,2022-04-01,30110.97,True
15,2022-05-01,39464.89,True
15,2022-06-01,36885.79,True
15,2022-07-01,22738.03,True
15,2022-08-01,11553.88,True
15,2022-09-01,23456.11,True
15,2022-10-01,41747.56,True
15,2022-11-01,3121.73,True
15,2022-12-01,49912.99,True
15,2023-01-01,23794.56,True
15,2023-02-01,8572.03,True
15,2023-03-01,3987.28,True
15,2023-04-01,30168.47,True
15,2023-05-01,17955.49,True
15,2023-06-01,28351.06,True
15,2023-07-01,8496.18,True
15,2023-08-01,12783.16,True
15,2023-09-01,32668.74,True
15,2023-10-01,45985.02,True
15,2023-11-01,48492.53,True
15,2023-12-01,31701.92,True
15,2024-01-01,20914.2,True
15,2024-02-01,30421.54,True
15,2024-03-01,4548.28,True
15,2024-04-01,1740.38,True
15,2024-05-01,38460.66,True
15,2024-06-01,18384.46,True
15,2024-07-01,38436.95,True
15,2024-08-01,41229.28,True
15,2024-09-01,15490.48,True
15,2024-10-01,2219.48,True
15,2024-11-01,44967.2,True
15,2024-12-01,35588.77,True
16,2021-01-01,16577.03,True
16,2021-02-01,29190.01,True
16,2021-03-01,33036.76,True
16,2021-04-01,17009.11,True
16,2021-05-01,23566.01,True
16,2021-06-01,19848.65,True
16,2021-07-01,44888.43,True
16,2021-08-01,44596.42,True
16,2021-09-01,25198.09,True
16,2021-10-01,28692.98,True
16,2021-11-01,11607.46,True
16,2021-12-01,37706.38,True
16,2022-01-01,43395.47,True
16,2022-02-01,42229.77,True
16,2022-03-01,44819.76,True
16,2022-04-01,22911.62,True
16,2022-05-01,29595.04,True
16,2022-06-01,2783.95,True
16,2022-07-01,14344.59,True
16,2022-08-01,31175.28,True
16,2022-09-01,33456.08,True
16,2022-10-01,9606.38,True
16,2022-11-01,47530.8,True
16,2022-12-01,39867.74,True
16,2023-01-01,10619.44,True
16,2023-02-01,24927.03,True
16,2023-03-01,4891.2,True
16,2023-04-01,10352.14,True
16,2023-05-01,26901.24,True
16,2023-06-01,3976.65,True
16,2023-07-01,21489.08,True
16,2023-08-01,3893.59,True
16,2023-09-01,19727.45,True
16,2023-10-01,42198.11,True
16,2023-11-01,6663.92,True
16,2023-12-01,47422.69,True
16,2024-01-01,19872.55,True
16,2024-02-01,31813.97,True
16,2024-03-01,9276.86,True
16,2024-04-01,17846.08,True
16,2024-05-01,37253.91,True
16,2024-06-01,28822.19,True
16,2024-07-01,47474.82,True
16,2024-08-01,45344.16,True
16,2024-09-01,37764.83,True
16,2024-10-01,15017.39,True
16,2024-11-01,19614.86,True
16,2024-12-01,43907.51,True
17,2021-01-01,49138.67,True
17,2021-02-01,17108.46,True
17,2021-03-01,20471.28,True
17,2021-04-01,48178.72,True
17,2021-05-01,17505.6,True
17,2021-06-01,36123.71,True
17,2021-07-01,12669.47,True
17,2021-08-01,39363.11,True
17,2021-09-01,24478.87,True
17,2021-10-01,12524.62,True
17,2021-11-01,25003.01,True
17,2021-12-01,38175.49,True
17,2022-01-01,3963.76,True
17,2022-02-01,15262.78,True
17,2022-03-01,37342.51,True
17,2022-04-01,38989.38,True
17,2022-05-01,19406.6,True
17,2022-06-01,44916.07,True
17,2022-07-01,37927.98,True
17,2022-08-01,17284.12,True
17,2022-09-01,34024.64,True
17,2022-10-01,11256.51,True
17,2022-11-01,37195.59,True
17,2022-12-01,8855.74,True
17,2023-01-01,28386.57,True
17,2023-02-01,19096.79,True
17,2023-03-01,14637.23,True
17,2023-04-01,9174.21,True
17,2023-05-01,34012.96,True
17,2023-06-01,4852.2,True
17,2023-07-01,17008.83,True
17,2023-08-01,5538.76,True
17,2023-09-01,22784.7,True
17,2023-10-01,33679.26,True
17,2023-11-01,48361.61,True
17,2023-12-01,29612.96,True
17,2024-01-01,11196.88,True
17,2024-02-01,8511.69,True
17,2024-03-01,5106.09,True
17,2024-04-01,49747.97,True
17,2024-05-01,40929.8,True
17,2024-06-01,18015.63,True
17,2024-07-01,46144.0,True
17,2024-08-01,40977.18,True
17,2024-09-01,45944.04,True
17,2024-10-01,35342.4,True
17,2024-11-01,43126.41,True
17,2024-12-01,10585.04,True
18,2021-01-01,15293.12,True
18,2021-02-01,34494.31,True
18,2021-03-01,933.26,True
18,2021-04-01,41889.69,True
18,2021-05-01,9024.19,True
18,2021-06-01,47160.61,True
18,2021-07-01,45981.74,True
18,2021-08-01,33546.46,True
18,2021-09-01,28106.49,True
18,2021-10-01,5897.77,True
18,2021-11-01,38984.45,True
18,2021-12-01,20865.35,True
18,2022-01-01,9870.95,True
18,2022-02-01,17356.44,True
18,2022-03-01,5240.84,True
18,2022-04-01,19775.07,True
18,2022-05-01,4007.52,True
18,2022-06-01,25385.87,True
18,2022-07-01,4008.48,True
18,2022-08-01,20604.54,True
18,2022-09-01,28730.49,True
18,2022-10-01,19601.71,True
18,2022-11-01,6901.11,True
18,2022-12-01,38954.88,True
18,2023-01-01,43741.49,True
18,2023-02-01,36621.15,True
18,2023-03-01,11786.45,True
18,2023-04-01,15436.73,True
18,2023-05-01,10410.89,True
18,2023-06-01,45373.7,True
18,2023-07-01,18271.26,True
18,2023-08-01,22912.34,True
18,2023-09-01,24357.17,True
18,2023-10-01,29887.76,True
18,2023-11-01,16722.91,True
18,2023-12-01,5770.46,True
18,2024-01-01,9501.69,True
18,2024-02-01,4968.56,True
18,2024-03-01,17599.8,True
18,2024-04-01,33930.75,True
18,2024-05-01,41209.3,True
18,2024-06-01,29241.79,True
18,2024-07-01,37628.68,True
18,2024-08-01,3170.88,True
18,2024-09-01,27696.15,True
18,2024-10-01,38409.52,True
18,2024-11-01,23894.68,True
18,2024-12-01,15196.72,True
19,2021-01-01,32198.16,True
19,2021-02-01,6530.69,True
19,2021-03-01,49268.01,True
19,2021-04-01,30180.01,True
19,2021-05-01,9229.57,True
19,2021-06-01,24266.27,True
19,2021-07-01,263.22,True
19,2021-08-01,49437.03,True
19,2021-09-01,32806.92,True
19,2021-10-01,39533.34,True
19,2021-11-01,26212.9,True
19,2021-12-01,9315.09,True
19,2022-01-01,39638.15,True
19,2022-02-01,39424.42,True
19,2022-03-01,28556.97,True
19,2022-04-01,27497.05,True
19,2022-05-01,48930.54,True
19,2022-06-01,49110.11,True
19,2022-07-01,12511.63,True
19,2022-08-01,20726.51,True
19,2022-09-01,851.97,True
19,2022-10-01,6915.52,True
19,2022-11-01,13066.85,True
19,2022-12-01,20607.71,True
19,2023-01-01,16419.3,True
19,2023-02-01,24796.32,True
19,2023-03-01,45129.43,True
19,2023-04-01,35795.9,True
19,2023-05-01,49093.7,True
19,2023-06-01,14488.09,True
19,2023-07-01,45248.16,True
19,2023-08-01,11901.69,True
19,2023-09-01,8374.42,True
19,2023-10-01,505.65,True
19,2023-11-01,924.54,True
19,2023-12-01,35879.84,True
19,2024-01-01,37880.21,True
19,2024-02-01,23859.95,True
19,2024-03-01,35930.04,True
19,2024-04-01,482.65,True
19,2024-05-01,33010.88,True
19,2024-06-01,44822.06,True
19,2024-07-01,47133.11,True
19,2024-08-01,27077.46,True
19,2024-09-01,11591.81,True
19,2024-10-01,38427.8,True
19,2024-11-01,35058.97,True
19,2024-12-01,25402.12,True
20,2021-01-01,33104.01,True
20,2021-02-01,44058.35,True
20,2021-03-01,19117.52,True
20,2021-04-01,5987.66,True
20,2021-05-01,33190.99,True
20,2021-06-01,27586.45,True
20,2021-07-01,6096.2,True
20,2021-08-01,40251.94,True
20,2021-09-01,7668.44,True
20,2021-10-01,8485.35,True
20,2021-11-01,2075.66,True
20,2021-12-01,34193.22,True
20,2022-01-01,8293.34,True
20,2022-02-01,14117.27,True
20,2022-03-01,23029.07,True
20,2022-04-01,23997.98,True
20,2022-05-01,23076.9,True
20,2022-06-01,37806.82,True
20,2022-07-01,1523.7,True
20,2022-08-01,939.02,True
20,2022-09-01,37844.79,True
20,2022-10-01,31049.33,True
20,2022-11-01,22114.49,True
20,2022-12-01,49222.17,True
20,2023-01-01,31621.02,True
20,2023-02-01,40244.81,True
20,2023-03-01,42866.77,True
20,2023-04-01,34088.37,True
20,2023-05-01,614.94,True
20,2023-06-01,34359.37,True
20,2023-07-01,33014.33,True
20,2023-08-01,45341.82,True
20,2023-09-01,24747.56,True
20,2023-10-01,14616.17,True
20,2023-11-01,2569.83,True
20,2023-12-01,15412.23,True
20,2024-01-01,10962.25,True
20,2024-02-01,4607.89,True
20,2024-03-01,26430.51,True
20,2024-04-01,19883.51,True
20,2024-05-01,7631.77,True
20,2024-06-01,37202.05,True
20,2024-07-01,14151.76,True
20,2024-08-01,40418.71,True
20,2024-09-01,24238.19,True
20,2024-10-01,44245.89,True
20,2024-11-01,28376.99,True
20,2024-12-01,17866.78,True
21,2021-02-01,39310.95,False
21,2021-09-01,6797.62,False
21,2022-07-01,26362.15,False
21,2022-08-01,7146.74,False
21,2022-09-01,39248.39,False
21,2024-10-01,4957.93,False
22,2021-01-01,49663.59,True
22,2021-02-01,3761.94,True
22,2021-03-01,25340.75,True
22,2021-04-01,25336.76,True
22,2021-05-01,10693.9,True
22,2021-06-01,41988.86,True
22,2021-07-01,658.84,True
22,2021-08-01,21185.71,True
22,2021-09-01,48742.0,True
22,2021-10-01,644.04,True
22,2021-11-01,7985.97,True
22,2021-12-01,43548.77,True
22,2022-01-01,46412.25,True
22,2022-02-01,39536.07,True
22,2022-03-01,6292.0,True
22,2022-04-01,16303.65,True
22,2022-05-01,31841.18,True
22,2022-06-01,32814.44,True
22,2022-07-01,11365.57,True
22,2022-08-01,21357.41,True
22,2022-09-01,41406.2,True
22,2022-10-01,47442.37,True
22,2022-11-01,45534.25,True
22,2022-12-01,24149.86,True
22,2023-01-01,15704.14,True
22,2023-02-01,12924.42,True
22,2023-03-01,3471.47,True
22,2023-04-01,16794.14,True
22,2023-05-01,42840.37,True
22,2023-06-01,43549.43,True
22,2023-07-01,35135.17,True
22,2023-08-01,31300.35,True
22,2023-09-01,13039.22,True
22,2023-10-01,36448.18,True
22,2023-11-01,16884.52,True
22,2023-12-01,42240.86,True
22,2024-01-01,31115.98,True
22,2024-02-01,7513.48,True
22,2024-03-01,37985.01,True
22,2024-04-01,45926.37,True
22,2024-05-01,16919.06,True
22,2024-06-01,25611.71,True
22,2024-07-01,33379.01,True
22,2024-08-01,696.18,True
22,2024-09-01,26216.74,True
22,2024-10-01,48135.99,True
22,2024-11-01,5013.51,True
22,2024-12-01,40304.21,True
23,2021-01-01,8708.61,True
23,2021-02-01,4341.14,True
23,2021-03-01,15973.16,True
23,2021-04-01,48743.74,True
23,2021-05-01,31090.41,True
23,2021-06-01,26251.76,True
23,2021-07-01,22460.88,True
23,2021-08-01,18957.25,True
23,2021-09-01,3843.79,True
23,2021-10-01,28379.58,True
23,2021-11-01,25893.44,True
23,2021-12-01,30530.83,True
23,2022-01-01,19901.97,True
23,2022-02-01,15900.3,True
23,2022-03-01,31583.79,True
23,2022-04-01,9970.33,True
23,2022-05-01,39791.72,True
23,2022-06-01,10280.69,True
23,2022-07-01,34562.08,True
23,2022-08-01,13717.02,True
23,2022-09-01,13850.15,True
23,2022-10-01,17911.83,True
23,2022-11-01,38476.05,True
23,2022-12-01,6736.54,True
23,2023-01-01,44789.38,True
23,2023-02-01,25244.36,True
23,2023-03-01,16353.64,True
23,2023-04-01,45059.59,True
23,2023-05-01,35491.48,True
23,2023-06-01,22779.94,True
23,2023-07-01,28081.22,True
23,2023-08-01,25389.77,True
23,2023-09-01,40388.91,True
23,2023-10-01,37518.97,True
23,2023-11-01,10229.39,True
23,2023-12-01,36457.03,True
23,2024-01-01,17839.36,True
23,2024-02-01,45516.44,True
23,2024-03-01,23715.85,True
23,2024-04-01,31749.6,True
23,2024-05-01,10289.53,True
23,2024-06-01,3857.68,True
23,2024-07-01,14428.62,True
23,2024-08-01,23100.92,True
23,2024-09-01,46067.8,True
23,2024-10-01,13359.11,True
23,2024-11-01,36856.08,True
23,2024-12-01,16522.95,True
24,2021-01-01,16588.6,True
24,2021-02-01,18232.82,True
24,2021-03-01,32164.01,True
24,2021-04-01,49010.41,True
24,2021-05-01,33669.6,True
24,2021-06-01,17413.43,True
24,2021-07-01,23503.08,True
24,2021-08-01,9379.27,True
24,2021-09-01,37381.54,True
24,2021-10-01,10855.16,True
24,2021-11-01,45621.37,True
24,2021-12-01,4505.9,True
24,2022-01-01,44723.52,True
24,2022-02-01,24328.85,True
24,2022-03-01,24080.57,True
24,2022-04-01,27226.39,True
24,2022-05-01,10446.5,True
24,2022-06-01,16651.13,True
24,2022-07-01,2149.36,True
24,2022-08-01,27487.88,True
24,2022-09-01,44601.69,True
24,2022-10-01,113.29,True
24,2022-11-01,38278.21,True
24,2022-12-01,47596.94,True
24,2023-01-01,20186.37,True
24,2023-02-01,14174.34,True
24,2023-03-01,16948.93,True
24,2023-04-01,34063.92,True
24,2023-05-01,864.69,True
24,2023-06-01,44465.84,True
24,2023-07-01,35944.04,True
24,2023-08-01,12447.21,True
24,2023-09-01,16390.47,True
24,2023-10-01,48234.78,True
24,2023-11-01,7152.59,True
24,2023-12-01,7525.25,True
24,2024-01-01,45803.46,True
24,2024-02-01,14676.66,True
24,2024-03-01,21400.66,True
24,2024-04-01,5356.96,True
24,2024-05-01,2695.08,True
24,2024-06-01,14128.99,True
24,2024-07-01,34192.18,True
24,2024-08-01,21478.98,True
24,2024-09-01,20272.95,True
24,2024-10-01,9251.36,True
24,2024-11-01,16178.2,True
24,2024-12-01,20620.54,True
25,2021-01-01,30827.97,True
25,2021-02-01,16249.01,True
25,2021-03-01,27704.0,True
25,2021-04-01,7786.23,True
25,2021-05-01,46282.68,True
25,2021-06-01,27351.28,True
25,2021-07-01,42649.81,True
25,2021-08-01,30883.86,True
25,2021-09-01,28305.0,True
25,2021-10-01,33744.5,True
25,2021-11-01,18796.79,True
25,2021-12-01,38857.82,True
25,2022-01-01,43224.29,True
25,2022-02-01,14740.17,True
25,2022-03-01,23221.19,True
25,2022-04-01,6342.1,True
25,2022-05-01,17615.43,True
25,2022-06-01,23313.06,True
25,2022-07-01,45261.3,True
25,2022-08-01,2828.41,True
25,2022-09-01,29552.69,True
25,2022-10-01,27843.42,True
25,2022-11-01,8124.58,True
25,2022-12-01,18819.39,True
25,2023-01-01,4122.47,True
25,2023-02-01,44029.81,True
25,2023-03-01,34533.07,True
25,2023-04-01,40250.95,True
25,2023-05-01,7571.68,True
25,2023-06-01,10970.56,True
25,2023-07-01,32171.44,True
25,2023-08-01,27386.27,True
25,2023-09-01,33902.02,True
25,2023-10-01,291.35,True
25,2023-11-01,12169.84,True
25,2023-12-01,16616.87,True
25,2024-01-01,4412.16,True
25,2024-02-01,29822.25,True
25,2024-03-01,5552.96,True
25,2024-04-01,18621.71,True
25,2024-05-01,10052.83,True
25,2024-06-01,10174.16,True
25,2024-07-01,31387.29,True
25,2024-08-01,36248.23,True
25,2024-09-01,11219.03,True
25,2024-10-01,29598.81,True
25,2024-11-01,47748.23,True
25,2024-12-01,4505.0,True
26,2021-01-01,20207.04,True
26,2021-02-01,2931.56,True
26,2021-03-01,33047.76,True
26,2021-04-01,4895.62,True
26,2021-05-01,43202.9,True
26,2021-06-01,24622.29,True
26,2021-07-01,28722.25,True
26,2021-08-01,31975.01,True
26,2021-09-01,41684.6,True
26,2021-10-01,11056.77,True
26,2021-11-01,19713.09,True
26,2021-12-01,28196.64,True
26,2022-01-01,32360.77,True
26,2022-02-01,39456.06,True
26,2022-03-01,13517.48,True
26,2022-04-01,2114.48,True
26,2022-05-01,19702.59,True
26,2022-06-01,38904.94,True
26,2022-07-01,23304.69,True
26,2022-08-01,5674.92,True
26,2022-09-01,36383.83,True
26,2022-10-01,36329.86,True
26,2022-11-01,39480.09,True
26,2022-12-01,30518.47,True
26,2023-01-01,49949.31,True
26,2023-02-01,32616.52,True
26,2023-03-01,26329.24,True
26,2023-04-01,20901.11,True
26,2023-05-01,26018.57,True
26,2023-06-01,23492.06,True
26,2023-07-01,43270.57,True
26,2023-08-01,39598.9,True
26,2023-09-01,26611.06,True
26,2023-10-01,4875.98,True
26,2023-11-01,6386.31,True
26,2023-12-01,13646.76,True
26,2024-01-01,11641.02,True
26,2024-02-01,34386.16,True
26,2024-03-01,15146.02,True
26,2024-04-01,45809.03,True
26,2024-05-01,44135.34,True
26,2024-06-01,22172.76,True
26,2024-07-01,27910.59,True
26,2024-08-01,38243.91,True
26,2024-09-01,41524.9,True
26,2024-10-01,8832.62,True
26,2024-11-01,47682.69,True
26,2024-12-01,17653.78,True
27,2021-01-01,5317.97,True
27,2021-02-01,35903.93,True
27,2021-03-01,29774.7,True
27,2021-04-01,13147.25,True
27,2021-05-01,34649.58,True
27,2021-06-01,31479.27,True
27,2021-07-01,25687.89,True
27,2021-08-01,47688.22,True
27,2021-09-01,42909.46,True
27,2021-10-01,37429.51,True
27,2021-11-01,2569.51,True
27,2021-12-01,42226.61,True
27,2022-01-01,31817.07,True
27,2022-02-01,45806.73,True
27,2022-03-01,49319.02,True
27,2022-04-01,404.1,True
27,2022-05-01,20080.02,True
27,2022-06-01,20466.38,True
27,2022-07-01,39713.22,True
27,2022-08-01,19722.65,True
27,2022-09-01,47076.34,True
27,2022-10-01,3041.6,True
27,2022-11-01,1977.74,True
27,2022-12-01,30698.56,True
27,2023-01-01,1340.79,True
27,2023-02-01,39570.59,True
27,2023-03-01,28308.34,True
27,2023-04-01,11565.1,True
27,2023-05-01,22211.09,True
27,2023-06-01,45328.5,True
27,2023-07-01,6143.45,True
27,2023-08-01,3450.37,True
27,2023-09-01,24456.91,True
27,2023-10-01,9145.86,True
27,2023-11-01,29543.51,True
27,2023-12-01,5686.68,True
27,2024-01-01,7418.47,True
27,2024-02-01,43745.28,True
27,2024-03-01,44812.12,True
27,2024-04-01,41149.15,True
27,2024-05-01,11562.66,True
27,2024-06-01,45395.81,True
27,2024-07-01,23711.25,True
27,2024-08-01,49365.1,True
27,2024-09-01,49254.26,True
27,2024-10-01,19017.97,True
27,2024-11-01,18933.59,True
27,2024-12-01,17471.22,True
28,2021-01-01,33594.32,False
28,2021-04-01,47381.12,False
28,2021-08-01,31315.87,False
28,2022-01-01,4261.97,False
28,2022-05-01,48111.08,False
28,2022-06-01,41763.23,False
28,2022-07-01,10608.68,False
28,2022-09-01,46443.27,False
28,2022-10-01,42998.23,False
28,2022-11-01,1615.48,False
28,2022-12-01,40110.63,False
28,2023-03-01,49437.66,False
28,2023-05-01,33547.86,False
28,2023-06-01,1605.49,False
28,2023-07-01,47938.08,False
28,2023-08-01,17519.89,False
28,2023-10-01,1271.45,False
28,2023-11-01,47652.8,False
28,2024-11-01,30415.33,False
28,2024-12-01,2751.15,False
29,2021-03-01,15538.96,False
29,2021-04-01,31015.18,False
29,2021-08-01,13301.92,False
29,2021-09-01,12427.61,False
29,2021-10-01,25335.1,False
29,2021-11-01,11388.02,False
29,2021-12-01,9507.44,False
29,2022-01-01,30350.52,False
29,2022-02-01,29026.95,False
29,2022-04-01,33776.05,False
29,2022-05-01,143.97,False
29,2022-06-01,40067.34,False
29,2022-07-01,44492.34,False
29,2022-09-01,13561.64,False
29,2022-10-01,21996.7,False
29,2022-11-01,36395.26,False
29,2022-12-01,23932.44,False
29,2023-03-01,12093.82,False
29,2023-04-01,21898.56,False
29,2023-07-01,3776.86,False
29,2023-08-01,9398.07,False
29,2023-11-01,1965.86,False
29,2024-02-01,9958.27,False
29,2024-05-01,23723.07,False
29,2024-06-01,41214.09,False
29,2024-07-01,2121.24,False
29,2024-08-01,5993.85,False
29,2024-09-01,20928.72,False
29,2024-10-01,49050.23,False
29,2024-11-01,6822.3,False
29,2024-12-01,4496.28,False
30,2021-01-01,15728.2,True
30,2021-02-01,28680.85,True
30,2021-03-01,27911.85,True
30,2021-04-01,43649.91,True
30,2021-05-01,12876.98,True
30,2021-06-01,47589.7,True
30,2021-07-01,4454.49,True
30,2021-08-01,1411.12,True
30,2021-09-01,48771.88,True
30,2021-10-01,32612.61,True
30,2021-11-01,32029.65,True
30,2021-12-01,30432.62,True
30,2022-01-01,4462.48,True
30,2022-02-01,29880.33,True
30,2022-03-01,7507.86,True
30,2022-04-01,41792.9,True
30,2022-05-01,41409.88,True
30,2022-06-01,9139.36,True
30,2022-07-01,9467.45,True
30,2022-08-01,47243.84,True
30,2022-09-01,43212.18,True
30,2022-10-01,25995.51,True
30,2022-11-01,44672.18,True
30,2022-12-01,13011.37,True
30,2023-01-01,32897.19,True
30,2023-02-01,12130.35,True
30,2023-03-01,47173.27,True
30,2023-04-01,23645.18,True
30,2023-05-01,8558.44,True
30,2023-06-01,45902.23,True
30,2023-07-01,34118.82,True
30,2023-08-01,7246.07,True
30,2023-09-01,18680.4,True
30,2023-10-01,29206.84,True
30,2023-11-01,3089.12,True
30,2023-12-01,44785.59,True
30,2024-01-01,45065.35,True
30,2024-02-01,26339.84,True
30,2024-03-01,45241.08,True
30,2024-04-01,23076.94,True
30,2024-05-01,45451.15,True
30,2024-06-01,22050.55,True
30,2024-07-01,23669.27,True
30,2024-08-01,108.11,True
30,2024-09-01,23555.6,True
30,2024-10-01,6149.14,True
30,2024-11-01,40664.19,True
30,2024-12-01,6248.01,True
31,2021-01-01,24180.64,True
31,2021-02-01,38856.81,True
31,2021-03-01,13110.61,True
31,2021-04-01,368.07,True
31,2021-05-01,22607.66,True
31,2021-06-01,13375.16,True
31,2021-07-01,42692.75,True
31,2021-08-01,36665.69,True
31,2021-09-01,47069.23,True
31,2021-10-01,45832.73,True
31,2021-11-01,38200.93,True
31,2021-12-01,10.8,True
31,2022-01-01,16632.9,True
31,2022-02-01,12505.24,True
31,2022-03-01,24831.25,True
31,2022-04-01,20835.48,True
31,2022-05-01,25794.82,True
31,2022-06-01,13131.17,True
31,2022-07-01,24143.33,True
31,2022-08-01,7539.13,True
31,2022-09-01,18812.51,True
31,2022-10-01,24344.91,True
31,2022-11-01,89.35,True
31,2022-12-01,29253.75,True
31,2023-01-01,30018.31,True
31,2023-02-01,34617.23,True
31,2023-03-01,29875.29,True
31,2023-04-01,30266.47,True
31,2023-05-01,233.91,True
31,2023-06-01,3010.71,True
31,2023-07-01,39594.21,True
31,2023-08-01,34865.75,True
31,2023-09-01,19187.98,True
31,2023-10-01,31551.57,True
31,2023-11-01,7217.5,True
31,2023-12-01,16608.02,True
31,2024-01-01,49750.29,True
31,2024-02-01,40575.96,True
31,2024-03-01,26676.05,True
31,2024-04-01,23827.82,True
31,2024-05-01,42448.16,True
31,2024-06-01,10453.79,True
31,2024-07-01,20336.6,True
31,2024-08-01,45623.02,True
31,2024-09-01,27942.14,True
31,2024-10-01,3345.41,True
31,2024-11-01,30237.78,True
31,2024-12-01,39306.31,True
32,2021-01-01,49429.51,True
32,2021-02-01,12453.35,True
32,2021-03-01,9033.46,True
32,2021-04-01,42642.02,True
32,2021-05-01,17003.32,True
32,2021-06-01,32363.34,True
32,2021-07-01,32124.07,True
32,2021-08-01,43160.03,True
32,2021-09-01,33471.58,True
32,2021-10-01,17948.77,True
32,2021-11-01,37126.31,True
32,2021-12-01,42633.12,True
32,2022-01-01,21507.79,True
32,2022-02-01,46758.52,True
32,2022-03-01,43412.67,True
32,2022-04-01,41680.65,True
32,2022-05-01,26593.02,True
32,2022-06-01,42277.15,True
32,2022-07-01,28034.93,True
32,2022-08-01,35034.07,True
32,2022-09-01,39045.99,True
32,2022-10-01,36122.45,True
32,2022-11-01,81.43,True
32,2022-12-01,4102.61,True
32,2023-01-01,3722.2,True
32,2023-02-01,25152.62,True
32,2023-03-01,12676.13,True
32,2023-04-01,49162.74,True
32,2023-05-01,38216.52,True
32,2023-06-01,44647.69,True
32,2023-07-01,30508.57,True
32,2023-08-01,11700.48,True
32,2023-09-01,18648.91,True
32,2023-10-01,7325.98,True
32,2023-11-01,35654.53,True
32,2023-12-01,46127.89,True
32,2024-01-01,38879.22,True
32,2024-02-01,24297.67,True
32,2024-03-01,49015.85,True
32,2024-04-01,16941.71,True
32,2024-05-01,38837.77,True
32,2024-06-01,3857.2,True
32,2024-07-01,17727.73,True
32,2024-08-01,25038.77,True
32,2024-09-01,22622.73,True
32,2024-10-01,16810.28,True
32,2024-11-01,30045.26,True
32,2024-12-01,27897.51,True
33,2021-01-01,986.16,True
33,2021-02-01,43949.22,True
33,2021-03-01,8205.35,True
33,2021-04-01,36118.57,True
33,2021-05-01,47296.99,True
33,2021-06-01,32574.52,True
33,2021-07-01,9076.26,True
33,2021-08-01,19620.79,True
33,2021-09-01,27823.06,True
33,2021-10-01,42480.29,True
33,2021-11-01,47904.09,True
33,2021-12-01,45509.21,True
33,2022-01-01,19704.0,True
33,2022-02-01,27240.6,True
33,2022-03-01,1632.3,True
33,2022-04-01,9296.23,True
33,2022-05-01,8526.16,True
33,2022-06-01,6695.27,True
33,2022-07-01,26525.31,True
33,2022-08-01,46007.81,True
33,2022-09-01,27738.7,True
33,2022-10-01,11531.44,True
33,2022-11-01,46079.05,True
33,2022-12-01,31810.47,True
33,2023-01-01,23768.29,True
33,2023-02-01,46127.75,True
33,2023-03-01,36189.69,True
33,2023-04-01,32656.71,True
33,2023-05-01,37054.38,True
33,2023-06-01,18495.5,True
33,2023-07-01,45110.01,True
33,2023-08-01,31218.66,True
33,2023-09-01,29274.64,True
33,2023-10-01,7318.12,True
33,2023-11-01,32096.69,True
33,2023-12-01,48825.76,True
33,2024-01-01,20487.5,True
33,2024-02-01,10381.28,True
33,2024-03-01,8558.85,True
33,2024-04-01,48404.08,True
33,2024-05-01,47845.01,True
33,2024-06-01,21950.31,True
33,2024-07-01,44560.68,True
33,2024-08-01,28626.87,True
33,2024-09-01,8579.0,True
33,2024-10-01,2638.83,True
33,2024-11-01,6750.33,True
33,2024-12-01,33588.37,True
34,2021-01-01,38530.5,True
34,2021-02-01,35953.06,True
34,2021-03-01,18131.64,True
34,2021-04-01,21284.73,True
34,2021-05-01,12430.77,True
34,2021-06-01,8087.13,True
34,2021-07-01,47663.67,True
34,2021-08-01,38750.93,True
34,2021-09-01,45879.02,True
34,2021-10-01,24099.94,True
34,2021-11-01,36349.11,True
34,2021-12-01,34481.01,True
34,2022-01-01,1211.08,True
34,2022-02-01,40753.17,True
34,2022-03-01,32883.93,True
34,2022-04-01,7997.62,True
34,2022-05-01,12818.96,True
34,2022-06-01,4282.63,True
34,2022-07-01,41688.83,True
34,2022-08-01,25961.66,True
34,2022-09-01,20722.18,True
34,2022-10-01,28784.76,True
34,2022-11-01,21278.39,True
34,2022-12-01,45959.29,True
34,2023-01-01,20607.38,True
34,2023-02-01,16013.38,True
34,2023-03-01,35478.12,True
34,2023-04-01,21637.91,True
34,2023-05-01,24593.49,True
34,2023-06-01,18232.39,True
34,2023-07-01,1917.24,True
34,2023-08-01,5751.62,True
34,2023-09-01,44609.49,True
34,2023-10-01,4082.93,True
34,2023-11-01,22903.91,True
34,2023-12-01,32737.42,True
34,2024-01-01,1456.78,True
34,2024-02-01,33025.4,True
34,2024-03-01,31675.2,True
34,2024-04-01,4604.75,True
34,2024-05-01,29601.58,True
34,2024-06-01,10911.43,True
34,2024-07-01,43235.53,True
34,2024-08-01,32317.24,True
34,2024-09-01,18407.0,True
34,2024-10-01,14090.39,True
34,2024-11-01,26895.28,True
34,2024-12-01,33693.13,True
35,2021-01-01,34536.66,True
35,2021-02-01,21844.75,True
35,2021-03-01,996.37,True
35,2021-04-01,24415.93,True
35,2021-05-01,26231.06,True
35,2021-06-01,19268.92,True
35,2021-07-01,12606.15,True
35,2021-08-01,33018.15,True
35,2021-09-01,5656.73,True
35,2021-10-01,38073.02,True
35,2021-11-01,14469.05,True
35,2021-12-01,639.2,True
35,2022-01-01,24208.6,True
35,2022-02-01,20511.33,True
35,2022-03-01,49182.72,True
35,2022-04-01,19111.86,True
35,2022-05-01,20203.94,True
35,2022-06-01,20995.96,True
35,2022-07-01,43711.05,True
35,2022-08-01,20891.05,True
35,2022-09-01,8131.19,True
35,2022-10-01,46745.37,True
35,2022-11-01,16849.0,True
35,2022-12-01,1930.4,True
35,2023-01-01,31761.93,True
35,2023-02-01,42035.85,True
35,2023-03-01,20627.84,True
35,2023-04-01,35789.42,True
35,2023-05-01,45517.87,True
35,2023-06-01,45653.8,True
35,2023-07-01,33.57,True
35,2023-08-01,3959.93,True
35,2023-09-01,11817.15,True
35,2023-10-01,6725.09,True
35,2023-11-01,45021.14,True
35,2023-12-01,14698.16,True
35,2024-01-01,10319.3,True
35,2024-02-01,17543.98,True
35,2024-03-01,45164.0,True
35,2024-04-01,2341.84,True
35,2024-05-01,7734.11,True
35,2024-06-01,12630.32,True
35,2024-07-01,5334.8,True
35,2024-08-01,24784.31,True
35,2024-09-01,45921.97,True
35,2024-10-01,39866.56,True
35,2024-11-01,30131.5,True
35,2024-12-01,41052.21,True
36,2021-01-01,20057.29,True
36,2021-02-01,13898.72,True
36,2021-03-01,14216.25,True
36,2021-04-01,35876.16,True
36,2021-05-01,3549.5,True
36,2021-06-01,35859.87,True
36,2021-07-01,10728.3,True
36,2021-08-01,34233.27,True
36,2021-09-01,13387.57,True
36,2021-10-01,45150.23,True
36,2021-11-01,26243.1,True
36,2021-12-01,26987.35,True
36,2022-01-01,34260.31,True
36,2022-02-01,5919.37,True
36,2022-03-01,14487.6,True
36,2022-04-01,41104.18,True
36,2022-05-01,6566.97,True
36,2022-06-01,17892.73,True
36,2022-07-01,10582.04,True
36,2022-08-01,13817.65,True
36,2022-09-01,10624.7,True
36,2022-10-01,31288.21,True
36,2022-11-01,1682.37,True
36,2022-12-01,18550.14,True
36,2023-01-01,39852.34,True
36,2023-02-01,32013.77,True
36,2023-03-01,40572.9,True
36,2023-04-01,31581.98,True
36,2023-05-01,49408.58,True
36,2023-06-01,13243.54,True
36,2023-07-01,18852.53,True
36,2023-08-01,15558.35,True
36,2023-09-01,30254.48,True
36,2023-10-01,38293.96,True
36,2023-11-01,10546.7,True
36,2023-12-01,36492.17,True
36,2024-01-01,22923.13,True
36,2024-02-01,39816.89,True
36,2024-03-01,4045.86,True
36,2024-04-01,17456.05,True
36,2024-05-01,24422.81,True
36,2024-06-01,3251.7,True
36,2024-07-01,7777.75,True
36,2024-08-01,34069.62,True
36,2024-09-01,37137.92,True
36,2024-10-01,48461.9,True
36,2024-11-01,48430.43,True
36,2024-12-01,49317.92,True
37,2021-01-01,10067.02,True
37,2021-02-01,28241.05,True
37,2021-03-01,30927.65,True
37,2021-04-01,45697.76,True
37,2021-05-01,34143.51,True
37,2021-06-01,3659.95,True
37,2021-07-01,32487.09,True
37,2021-08-01,12123.62,True
37,2021-09-01,38576.06,True
37,2021-10-01,45227.96,True
37,2021-11-01,21462.47,True
37,2021-12-01,2163.88,True
37,2022-01-01,12133.54,True
37,2022-02-01,10253.06,True
37,2022-03-01,5652.42,True
37,2022-04-01,8414.01,True
37,2022-05-01,11967.13,True
37,2022-06-01,39402.07,True
37,2022-07-01,48939.77,True
37,2022-08-01,38731.01,True
37,2022-09-01,25511.69,True
37,2022-10-01,26370.07,True
37,2022-11-01,25569.96,True
37,2022-12-01,15789.91,True
37,2023-01-01,16005.83,True
37,2023-02-01,37226.96,True
37,2023-03-01,3593.17,True
37,2023-04-01,28973.16,True
37,2023-05-01,32509.88,True
37,2023-06-01,7696.59,True
37,2023-07-01,31845.98,True
37,2023-08-01,38317.85,True
37,2023-09-01,33392.15,True
37,2023-10-01,2308.01,True
37,2023-11-01,40702.03,True
37,2023-12-01,35878.59,True
37,2024-01-01,22079.04,True
37,2024-02-01,12168.95,True
37,2024-03-01,43211.97,True
37,2024-04-01,20876.48,True
37,2024-05-01,31950.26,True
37,2024-06-01,26478.89,True
37,2024-07-01,11261.61,True
37,2024-08-01,27157.29,True
37,2024-09-01,16544.83,True
37,2024-10-01,40785.32,True
37,2024-11-01,17282.58,True
37,2024-12-01,9913.63,True
38,2021-01-01,40255.39,True
38,2021-02-01,2297.82,True
38,2021-03-01,44298.54,True
38,2021-04-01,29933.58,True
38,2021-05-01,45688.01,True
38,2021-06-01,10893.95,True
38,2021-07-01,39583.05,True
38,2021-08-01,5936.12,True
38,2021-09-01,5184.17,True
38,2021-10-01,41191.57,True
38,2021-11-01,48450.22,True
38,2021-12-01,49251.77,True
38,2022-01-01,48127.94,True
38,2022-02-01,33431.66,True
38,2022-03-01,24852.37,True
38,2022-04-01,36790.99,True
38,2022-05-01,18827.99,True
38,2022-06-01,36282.85,True
38,2022-07-01,25987.26,True
38,2022-08-01,23455.47,True
38,2022-09-01,118.85,True
38,2022-10-01,39631.05,True
38,2022-11-01,20730.81,True
38,2022-12-01,38554.24,True
38,2023-01-01,6292.34,True
38,2023-02-01,34791.75,True
38,2023-03-01,180.63,True
38,2023-04-01,20918.79,True
38,2023-05-01,26083.3,True
38,2023-06-01,35966.53,True
38,2023-07-01,33897.93,True
38,2023-08-01,7373.18,True
38,2023-09-01,36717.49,True
38,2023-10-01,42573.16,True
38,2023-11-01,45591.81,True
38,2023-12-01,6885.51,True
38,2024-01-01,7914.64,True
38,2024-02-01,8928.6,True
38,2024-03-01,13946.15,True
38,2024-04-01,26411.73,True
38,2024-05-01,18650.76,True
38,2024-06-01,46683.75,True
38,2024-07-01,35726.98,True
38,2024-08-01,28408.95,True
38,2024-09-01,15821.9,True
38,2024-10-01,3284.2,True
38,2024-11-01,25118.77,True
38,2024-12-01,24477.3,True
39,2021-01-01,11252.58,True
39,2021-02-01,8509.26,True
39,2021-03-01,42470.82,True
39,2021-04-01,26109.47,True
39,2021-05-01,24618.21,True
39,2021-06-01,48391.09,True
39,2021-07-01,25502.38,True
39,2021-08-01,32330.38,True
39,2021-09-01,33749.58,True
39,2021-10-01,10690.94,True
39,2021-11-01,12032.84,True
39,2021-12-01,36042.76,True
39,2022-01-01,26287.45,True
39,2022-02-01,36171.17,True
39,2022-03-01,5958.71,True
39,2022-04-01,32499.01,True
39,2022-05-01,31274.19,True
39,2022-06-01,34565.39,True
39,2022-07-01,24572.32,True
39,2022-08-01,2628.16,True
39,2022-09-01,16558.06,True
39,2022-10-01,12908.31,True
39,2022-11-01,26954.97,True
39,2022-12-01,12772.78,True
39,2023-01-01,20737.04,True
39,2023-02-01,8101.82,True
39,2023-03-01,39699.8,True
39,2023-04-01,49884.08,True
39,2023-05-01,10733.77,True
39,2023-06-01,44793.48,True
39,2023-07-01,1523.07,True
39,2023-08-01,1444.53,True
39,2023-09-01,6174.9,True
39,2023-10-01,35017.45,True
39,2023-11-01,40906.65,True
39,2023-12-01,16362.8,True
39,2024-01-01,16037.07,True
39,2024-02-01,44217.47,True
39,2024-03-01,693.89,True
39,2024-04-01,12246.41,True
39,2024-05-01,37904.74,True
39,2024-06-01,18607.68,True
39,2024-07-01,10821.82,True
39,2024-08-01,28952.19,True
39,2024-09-01,1233.03,True
39,2024-10-01,33980.67,True
39,2024-11-01,41500.19,True
39,2024-12-01,1500.94,True
40,2021-01-01,25421.37,True
40,2021-02-01,20196.01,True
40,2021-03-01,30628.79,True
40,2021-04-01,23641.2,True
40,2021-05-01,6743.63,True
40,2021-06-01,632.42,True
40,2021-07-01,32154.19,True
40,2021-08-01,21206.14,True
40,2021-09-01,3346.32,True
40,2021-10-01,11788.7,True
40,2021-11-01,20633.94,True
40,2021-12-01,49223.85,True
40,2022-01-01,16247.56,True
40,2022-02-01,41114.17,True
40,2022-03-01,27648.87,True
40,2022-04-01,5296.62,True
40,2022-05-01,21739.98,True
40,2022-06-01,47825.32,True
40,2022-07-01,33690.91,True
40,2022-08-01,45983.83,True
40,2022-09-01,341.58,True
40,2022-10-01,45157.01,True
40,2022-11-01,17228.63,True
40,2022-12-01,5480.45,True
40,2023-01-01,19458.83,True
40,2023-02-01,32045.73,True
40,2023-03-01,48322.24,True
40,2023-04-01,18022.55,True
40,2023-05-01,30628.49,True
40,2023-06-01,16243.81,True
40,2023-07-01,23406.41,True
40,2023-08-01,37456.6,True
40,2023-09-01,49101.91,True
40,2023-10-01,15808.56,True
40,2023-11-01,44761.74,True
40,2023-12-01,46076.35,True
40,2024-01-01,27555.4,True
40,2024-02-01,31074.99,True
40,2024-03-01,25269.16,True
40,2024-04-01,35554.66,True
40,2024-05-01,5693.7,True
40,2024-06-01,46299.15,True
40,2024-07-01,20471.13,True
40,2024-08-01,12729.53,True
40,2024-09-01,48963.68,True
40,2024-10-01,16294.41,True
40,2024-11-01,32048.72,True
40,2024-12-01,24652.85,True
41,2021-01-01,24088.41,True
41,2021-02-01,43079.58,True
41,2021-03-01,24414.57,True
41,2021-04-01,8496.93,True
41,2021-05-01,952.23,True
41,2021-06-01,19688.3,True
41,2021-07-01,2380.1,True
41,2021-08-01,37151.82,True
41,2021-09-01,9506.07,True
41,2021-10-01,37008.87,True
41,2021-11-01,10270.16,True
41,2021-12-01,46513.62,True
41,2022-01-01,40592.63,True
41,2022-02-01,2837.71,True
41,2022-03-01,3128.64,True
41,2022-04-01,10669.28,True
41,2022-05-01,12611.85,True
41,2022-06-01,31126.32,True
41,2022-07-01,31675.41,True
41,2022-08-01,15657.06,True
41,2022-09-01,5314.74,True
41,2022-10-01,26445.99,True
41,2022-11-01,4880.68,True
41,2022-12-01,34258.95,True
41,2023-01-01,43807.18,True
41,2023-02-01,3252.34,True
41,2023-03-01,46976.7,True
41,2023-04-01,37714.32,True
41,2023-05-01,31765.61,True
41,2023-06-01,8671.3,True
41,2023-07-01,11934.99,True
41,2023-08-01,45661.82,True
41,2023-09-01,3667.97,True
41,2023-10-01,48142.76,True
41,2023-11-01,23394.07,True
41,2023-12-01,43219.61,True
41,2024-01-01,8409.32,True
41,2024-02-01,10552.27,True
41,2024-03-01,12291.06,True
41,2024-04-01,10742.31,True
41,2024-05-01,26094.2,True
41,2024-06-01,7632.95,True
41,2024-07-01,13182.84,True
41,2024-08-01,35023.86,True
41,2024-09-01,12980.26,True
41,2024-10-01,43559.84,True
41,2024-11-01,46283.51,True
41,2024-12-01,49715.83,True
42,2021-01-01,23398.03,True
42,2021-02-01,43471.62,True
42,2021-03-01,22119.3,True
42,2021-04-01,1275.54,True
42,2021-05-01,1442.45,True
42,2021-06-01,10634.16,True
42,2021-07-01,39516.89,True
42,2021-08-01,4474.26,True
42,2021-09-01,49686.67,True
42,2021-10-01,47489.63,True
42,2021-11-01,45107.53,True
42,2021-12-01,20556.45,True
42,2022-01-01,5184.16,True
42,2022-02-01,40404.77,True
42,2022-03-01,20920.11,True
42,2022-04-01,36651.2,True
42,2022-05-01,12024.44,True
42,2022-06-01,45595.72,True
42,2022-07-01,16428.43,True
42,2022-08-01,34049.84,True
42,2022-09-01,34239.74,True
42,2022-10-01,30682.35,True
42,2022-11-01,49595.52,True
42,2022-12-01,31526.72,True
42,2023-01-01,6056.58,True
42,2023-02-01,21139.26,True
42,2023-03-01,39956.9,True
42,2023-04-01,42464.94,True
42,2023-05-01,32301.08,True
42,2023-06-01,5559.69,True
42,2023-07-01,4554.98,True
42,2023-08-01,18611.29,True
42,2023-09-01,25301.31,True
42,2023-10-01,37750.77,True
42,2023-11-01,45886.71,True
42,2023-12-01,24570.75,True
42,2024-01-01,31258.7,True
42,2024-02-01,12061.12,True
42,2024-03-01,15583.2,True
42,2024-04-01,5132.98,True
42,2024-05-01,30329.26,True
42,2024-06-01,49528.17,True
42,2024-07-01,38644.36,True
42,2024-08-01,1686.53,True
42,2024-09-01,34342.72,True
42,2024-10-01,15188.79,True
42,2024-11-01,41432.06,True
42,2024-12-01,16223.08,True
43,2021-01-01,7617.0,True
43,2021-02-01,44946.55,True
43,2021-03-01,18587.82,True
43,2021-04-01,35116.36,True
43,2021-05-01,46651.59,True
43,2021-06-01,8447.8,True
43,2021-07-01,553.83,True
43,2021-08-01,15904.53,True
43,2021-09-01,15486.02,True
43,2021-10-01,32254.64,True
43,2021-11-01,35316.23,True
43,2021-12-01,16391.17,True
43,2022-01-01,22003.34,True
43,2022-02-01,19254.78,True
43,2022-03-01,46240.56,True
43,2022-04-01,10493.26,True
43,2022-05-01,10215.32,True
43,2022-06-01,16834.29,True
43,2022-07-01,41818.47,True
43,2022-08-01,3792.03,True
43,2022-09-01,1099.22,True
43,2022-10-01,19971.54,True
43,2022-11-01,24010.08,True
43,2022-12-01,8864.58,True
43,2023-01-01,25066.46,True
43,2023-02-01,19608.37,True
43,2023-03-01,36382.56,True
43,2023-04-01,25838.32,True
43,2023-05-01,11568.77,True
43,2023-06-01,12195.61,True
43,2023-07-01,30926.43,True
43,2023-08-01,29808.14,True
43,2023-09-01,30291.47,True
43,2023-10-01,18427.61,True
43,2023-11-01,35897.94,True
43,2023-12-01,21132.69,True
43,2024-01-01,4521.98,True
43,2024-02-01,22182.73,True
43,2024-03-01,15205.73,True
43,2024-04-01,47343.76,True
43,2024-05-01,38469.09,True
43,2024-06-01,34674.48,True
43,2024-07-01,25589.73,True
43,2024-08-01,33169.26,True
43,2024-09-01,33188.23,True
43,2024-10-01,36622.0,True
43,2024-11-01,45744.91,True
43,2024-12-01,18821.35,True
44,2021-01-01,21036.61,True
44,2021-02-01,24660.16,True
44,2021-03-01,33513.75,True
44,2021-04-01,41203.74,True
44,2021-05-01,24599.13,True
44,2021-06-01,779.49,True
44,2021-07-01,46953.52,True
44,2021-08-01,27280.82,True
44,2021-09-01,39007.84,True
44,2021-10-01,32963.01,True
44,2021-11-01,31443.53,True
44,2021-12-01,45352.31,True
44,2022-01-01,23131.03,True
44,2022-02-01,15551.41,True
44,2022-03-01,12852.28,True
44,2022-04-01,47200.27,True
44,2022-05-01,29066.72,True
44,2022-06-01,42057.39,True
44,2022-07-01,19043.23,True
44,2022-08-01,41546.93,True
44,2022-09-01,13685.54,True
44,2022-10-01,28964.54,True
44,2022-11-01,36782.01,True
44,2022-12-01,35932.87,True
44,2023-01-01,40325.26,True
44,2023-02-01,32236.86,True
44,2023-03-01,44136.4,True
44,2023-04-01,23333.34,True
44,2023-05-01,18520.11,True
44,2023-06-01,2762.42,True
44,2023-07-01,18054.8,True
44,2023-08-01,36707.47,True
44,2023-09-01,44688.34,True
44,2023-10-01,8976.83,True
44,2023-11-01,20412.67,True
44,2023-12-01,4384.87,True
44,2024-01-01,7948.34,True
44,2024-02-01,3609.28,True
44,2024-03-01,37901.74,True
44,2024-04-01,30384.07,True
44,2024-05-01,40694.31,True
44,2024-06-01,47075.29,True
44,2024-07-01,25551.24,True
44,2024-08-01,40767.42,True
44,2024-09-01,20945.29,True
44,2024-10-01,1992.12,True
44,2024-11-01,31379.97,True
44,2024-12-01,43802.46,True
45,2021-01-01,46723.11,True
45,2021-02-01,24547.12,True
45,2021-03-01,18728.21,True
45,2021-04-01,23756.08,True
45,2021-05-01,31477.12,True
45,2021-06-01,12005.39,True
45,2021-07-01,19777.51,True
45,2021-08-01,7603.16,True
45,2021-09-01,29710.25,True
45,2021-10-01,31336.37,True
45,2021-11-01,13770.93,True
45,2021-12-01,22252.93,True
45,2022-01-01,4440.26,True
45,2022-02-01,48301.62,True
45,2022-03-01,12710.94,True
45,2022-04-01,8074.48,True
45,2022-05-01,48389.69,True
45,2022-06-01,45576.41,True
45,2022-07-01,29601.49,True
45,2022-08-01,34978.49,True
45,2022-09-01,39285.52,True
45,2022-10-01,22941.58,True
45,2022-11-01,39928.3,True
45,2022-12-01,8121.39,True
45,2023-01-01,24093.76,True
45,2023-02-01,12393.35,True
45,2023-03-01,9944.75,True
45,2023-04-01,9721.96,True
45,2023-05-01,35221.81,True
45,2023-06-01,10140.81,True
45,2023-07-01,25861.2,True
45,2023-08-01,28478.55,True
45,2023-09-01,937.66,True
45,2023-10-01,28928.32,True
45,2023-11-01,17909.85,True
45,2023-12-01,4033.83,True
45,2024-01-01,40512.03,True
45,2024-02-01,42252.34,True
45,2024-03-01,24151.69,True
45,2024-04-01,16621.23,True
45,2024-05-01,16762.67,True
45,2024-06-01,34793.78,True
45,2024-07-01,47642.57,True
45,2024-08-01,9627.71,True
45,2024-09-01,1163.29,True
45,2024-10-01,47480.42,True
45,2024-11-01,15601.81,True
45,2024-12-01,38968.23,True
46,2021-02-01,38090.98,False
46,2021-03-01,1769.05,False
46,2021-05-01,22702.77,False
46,2021-07-01,8433.36,False
46,2021-09-01,32423.85,False
46,2021-10-01,23793.06,False
46,2021-11-01,28153.62,False
46,2021-12-01,3216.91,False
46,2022-03-01,22776.04,False
46,2022-05-01,26549.6,False
46,2022-06-01,15338.35,False
46,2022-07-01,49580.74,False
46,2022-08-01,4586.27,False
46,2022-09-01,1771.03,False
46,2022-11-01,4869.49,False
46,2023-02-01,41575.97,False
46,2023-03-01,15461.9,False
46,2023-04-01,42065.36,False
46,2023-05-01,2224.12,False
46,2023-06-01,16620.48,False
46,2023-07-01,4879.82,False
46,2023-08-01,5480.27,False
46,2023-10-01,28698.52,False
46,2023-11-01,15252.75,False
46,2024-01-01,6722.86,False
46,2024-03-01,30144.62,False
46,2024-04-01,16584.35,False
46,2024-08-01,22320.0,False
46,2024-12-01,6687.88,False
47,2021-01-01,42328.2,True
47,2021-02-01,27610.44,True
47,2021-03-01,33750.23,True
47,2021-04-01,2006.77,True
47,2021-05-01,49181.77,True
47,2021-06-01,10289.29,True
47,2021-07-01,16852.16,True
47,2021-08-01,48196.21,True
47,2021-09-01,12760.98,True
47,2021-10-01,27552.87,True
47,2021-11-01,19163.18,True
47,2021-12-01,36151.28,True
47,2022-01-01,11660.34,True
47,2022-02-01,26755.11,True
47,2022-03-01,44055.23,True
47,2022-04-01,15221.69,True
47,2022-05-01,4235.07,True
47,2022-06-01,29473.19,True
47,2022-07-01,1466.55,True
47,2022-08-01,30802.22,True
47,2022-09-01,6157.72,True
47,2022-10-01,2130.97,True
47,2022-11-01,11952.42,True
47,2022-12-01,2866.93,True
47,2023-01-01,14477.2,True
47,2023-02-01,47635.36,True
47,2023-03-01,20355.24,True
47,2023-04-01,5724.33,True
47,2023-05-01,7578.65,True
47,2023-06-01,14997.6,True
47,2023-07-01,27893.69,True
47,2023-08-01,27995.88,True
47,2023-09-01,38683.35,True
47,2023-10-01,8716.48,True
47,2023-11-01,1247.91,True
47,2023-12-01,42545.9,True
47,2024-01-01,4836.99,True
47,2024-02-01,23407.87,True
47,2024-03-01,28316.95,True
47,2024-04-01,43946.6,True
47,2024-05-01,45434.33,True
47,2024-06-01,38368.98,True
47,2024-07-01,139.04,True
47,2024-08-01,10601.25,True
47,2024-09-01,39512.52,True
47,2024-10-01,9508.55,True
47,2024-11-01,17210.88,True
47,2024-12-01,9668.19,True
48,2021-01-01,44113.02,True
48,2021-02-01,15465.31,True
48,2021-03-01,6504.02,True
48,2021-04-01,7723.92,True
48,2021-05-01,24888.4,True
48,2021-06-01,20140.99,True
48,2021-07-01,7576.35,True
48,2021-08-01,5595.27,True
48,2021-09-01,38373.81,True
48,2021-10-01,2624.13,True
48,2021-11-01,19522.77,True
48,2021-12-01,6532.68,True
48,2022-01-01,48064.17,True
48,2022-02-01,29850.43,True
48,2022-03-01,11426.26,True
48,2022-04-01,17734.46,True
48,2022-05-01,9231.77,True
48,2022-06-01,7761.23,True
48,2022-07-01,36928.41,True
48,2022-08-01,35555.01,True
48,2022-09-01,16844.63,True
48,2022-10-01,20436.77,True
48,2022-11-01,34421.38,True
48,2022-12-01,18098.66,True
48,2023-01-01,6215.05,True
48,2023-02-01,29429.03,True
48,2023-03-01,10758.87,True
48,2023-04-01,48381.69,True
48,2023-05-01,3740.42,True
48,2023-06-01,45314.05,True
48,2023-07-01,47755.73,True
48,2023-08-01,42083.16,True
48,2023-09-01,18935.3,True
48,2023-10-01,3480.17,True
48,2023-11-01,25919.95,True
48,2023-12-01,3649.59,True
48,2024-01-01,22397.27,True
48,2024-02-01,33088.38,True
48,2024-03-01,44639.83,True
48,2024-04-01,37361.76,True
48,2024-05-01,204.73,True
48,2024-06-01,48097.49,True
48,2024-07-01,14784.19,True
48,2024-08-01,6462.32,True
48,2024-09-01,23478.45,True
48,2024-10-01,41314.08,True
48,2024-11-01,36654.95,True
48,2024-12-01,23726.02,True
49,2021-01-01,43061.16,True
49,2021-02-01,14046.28,True
49,2021-03-01,48686.87,True
49,2021-04-01,34654.25,True
49,2021-05-01,45064.43,True
49,2021-06-01,21104.81,True
49,2021-07-01,28821.39,True
49,2021-08-01,36345.0,True
49,2021-09-01,14685.14,True
49,2021-10-01,24202.51,True
49,2021-11-01,19534.78,True
49,2021-12-01,10208.89,True
49,2022-01-01,41616.95,True
49,2022-02-01,22201.78,True
49,2022-03-01,15243.79,True
49,2022-04-01,45553.42,True
49,2022-05-01,41291.03,True
49,2022-06-01,48939.08,True
49,2022-07-01,16468.35,True
49,2022-08-01,7674.25,True
49,2022-09-01,21682.07,True
49,2022-10-01,14524.22,True
49,2022-11-01,10704.07,True
49,2022-12-01,18609.7,True
49,2023-01-01,36624.13,True
49,2023-02-01,45489.23,True
49,2023-03-01,48364.07,True
49,2023-04-01,32847.58,True
49,2023-05-01,31264.78,True
49,2023-06-01,14223.42,True
49,2023-07-01,27217.62,True
49,2023-08-01,37489.72,True
49,2023-09-01,10000.46,True
49,2023-10-01,36938.51,True
49,2023-11-01,15597.7,True
49,2023-12-01,31383.82,True
49,2024-01-01,44398.72,True
49,2024-02-01,17307.1,True
49,2024-03-01,37835.72,True
49,2024-04-01,7664.91,True
49,2024-05-01,27888.91,True
49,2024-06-01,17002.74,True
49,2024-07-01,38457.46,True
49,2024-08-01,10267.7,True
49,2024-09-01,38244.84,True
49,2024-10-01,20587.54,True
49,2024-11-01,46774.97,True
49,2024-12-01,42271.27,True
50,2021-01-01,11876.09,True
50,2021-02-01,555.52,True
50,2021-03-01,12471.24,True
50,2021-04-01,17446.91,True
50,2021-05-01,12785.32,True
50,2021-06-01,7394.27,True
50,2021-07-01,3646.24,True
50,2021-08-01,24818.87,True
50,2021-09-01,25163.13,True
50,2021-10-01,40287.7,True
50,2021-11-01,14558.24,True
50,2021-12-01,22068.09,True
50,2022-01-01,45974.62,True
50,2022-02-01,32491.73,True
50,2022-03-01,49805.76,True
50,2022-04-01,7407.88,True
50,2022-05-01,27041.87,True
50,2022-06-01,4864.18,True
50,2022-07-01,42561.56,True
50,2022-08-01,27023.07,True
50,2022-09-01,47959.92,True
50,2022-10-01,45548.37,True
50,2022-11-01,27940.58,True
50,2022-12-01,22813.21,True
50,2023-01-01,11932.34,True
50,2023-02-01,46304.26,True
50,2023-03-01,2092.05,True
50,2023-04-01,43285.35,True
50,2023-05-01,49479.24,True
50,2023-06-01,33449.17,True
50,2023-07-01,26669.04,True
50,2023-08-01,38284.43,True
50,2023-09-01,18476.06,True
50,2023-10-01,30449.02,True
50,2023-11-01,37878.41,True
50,2023-12-01,5619.87,True
50,2024-01-01,20073.7,True
50,2024-02-01,10229.68,True
50,2024-03-01,27434.15,True
50,2024-04-01,9390.96,True
50,2024-05-01,27465.64,True
50,2024-06-01,7577.12,True
50,2024-07-01,5474.71,True
50,2024-08-01,24382.1,True
50,2024-09-01,27906.88,True
50,2024-10-01,12000.77,True
50,2024-11-01,12365.26,True
50,2024-12-01,277.06,True
51,2021-01-01,25687.7,True
51,2021-02-01,46801.21,True
51,2021-03-01,3037.32,True
51,2021-04-01,9796.98,True
51,2021-05-01,27405.39,True
51,2021-06-01,11904.56,True
51,2021-07-01,41977.34,True
51,2021-08-01,13397.62,True
51,2021-09-01,46961.36,True
51,2021-10-01,11096.77,True
51,2021-11-01,41053.95,True
51,2021-12-01,24055.33,True
51,2022-01-01,25227.43,True
51,2022-02-01,28458.05,True
51,2022-03-01,11806.25,True
51,2022-04-01,27709.04,True
51,2022-05-01,18750.82,True
51,2022-06-01,35870.38,True
51,2022-07-01,46876.94,True
51,2022-08-01,21234.62,True
51,2022-09-01,38649.05,True
51,2022-10-01,29685.72,True
51,2022-11-01,10575.82,True
51,2022-12-01,6427.61,True
51,2023-01-01,7275.31,True
51,2023-02-01,13628.94,True
51,2023-03-01,42175.2,True
51,2023-04-01,33361.25,True
51,2023-05-01,43383.06,True
51,2023-06-01,39763.85,True
51,2023-07-01,31094.55,True
51,2023-08-01,21228.15,True
51,2023-09-01,45591.84,True
51,2023-10-01,21534.8,True
51,2023-11-01,44585.53,True
51,2023-12-01,27040.6,True
51,2024-01-01,37837.94,True
51,2024-02-01,42260.83,True
51,2024-03-01,3375.15,True
51,2024-04-01,22783.48,True
51,2024-05-01,11947.49,True
51,2024-06-01,36325.88,True
51,2024-07-01,28532.47,True
51,2024-08-01,29552.73,True
51,2024-09-01,12876.4,True
51,2024-10-01,6370.19,True
51,2024-11-01,44883.9,True
51,2024-12-01,26838.92,True
52,2021-01-01,28885.08,False
52,2021-02-01,2970.39,False
52,2021-03-01,7897.87,False
52,2021-04-01,16706.07,False
52,2021-06-01,42548.64,False
52,2021-07-01,6865.75,False
52,2021-08-01,18655.47,False
52,2021-09-01,49384.83,False
52,2021-10-01,18014.4,False
52,2021-11-01,27388.71,False
52,2021-12-01,38083.54,False
52,2022-02-01,476.82,False
52,2022-03-01,1867.06,False
52,2022-04-01,25625.47,False
52,2022-05-01,19892.73,False
52,2022-06-01,31670.28,False
52,2022-08-01,42804.71,False
52,2022-09-01,4674.25,False
52,2022-10-01,16728.02,False
52,2022-11-01,16571.19,False
52,2022-12-01,47680.93,False
52,2023-01-01,11576.44,False
52,2023-02-01,49463.53,False
52,2023-03-01,40061.35,False
52,2023-04-01,2346.46,False
52,2023-05-01,18569.67,False
52,2023-06-01,18960.95,False
52,2023-07-01,1678.17,False
52,2023-09-01,7310.88,False
52,2023-10-01,4868.38,False
52,2023-11-01,6406.49,False
52,2023-12-01,24222.93,False
52,2024-01-01,15926.67,False
52,2024-02-01,5990.68,False
52,2024-04-01,4359.65,False
52,2024-05-01,37979.97,False
52,2024-06-01,43561.95,False
52,2024-07-01,48498.71,False
52,2024-09-01,22033.41,False
52,2024-11-01,35592.71,False
52,2024-12-01,22042.77,False
53,2021-01-01,35257.92,True
53,2021-02-01,872.32,True
53,2021-03-01,9485.06,True
53,2021-04-01,16664.19,True
53,2021-05-01,40090.41,True
53,2021-06-01,43326.92,True
53,2021-07-01,35447.84,True
53,2021-08-01,37277.43,True
53,2021-09-01,20882.05,True
53,2021-10-01,42384.83,True
53,2021-11-01,3826.7,True
53,2021-12-01,12569.42,True
53,2022-01-01,31629.16,True
53,2022-02-01,24887.56,True
53,2022-03-01,18325.17,True
53,2022-04-01,34962.3,True
53,2022-05-01,26574.77,True
53,2022-06-01,41633.0,True
53,2022-07-01,9226.77,True
53,2022-08-01,12090.2,True
53,2022-09-01,40095.09,True
53,2022-10-01,33422.8,True
53,2022-11-01,4700.75,True
53,2022-12-01,36976.56,True
53,2023-01-01,11761.44,True
53,2023-02-01,5827.92,True
53,2023-03-01,6579.6,True
53,2023-04-01,41563.5,True
53,2023-05-01,34741.45,True
53,2023-06-01,30721.36,True
53,2023-07-01,3105.3,True
53,2023-08-01,29792.34,True
53,2023-09-01,24836.68,True
53,2023-10-01,14.42,True
53,2023-11-01,39768.25,True
53,2023-12-01,45510.88,True
53,2024-01-01,24658.39,True
53,2024-02-01,38539.0,True
53,2024-03-01,29862.77,True
53,2024-04-01,2900.21,True
53,2024-05-01,631.47,True
53,2024-06-01,9532.73,True
53,2024-07-01,26874.74,True
53,2024-08-01,40730.23,True
53,2024-09-01,32905.53,True
53,2024-10-01,12054.65,True
53,2024-11-01,42296.14,True
53,2024-12-01,21454.19,True
54,2021-01-01,49996.71,True
54,2021-02-01,38320.78,True
54,2021-03-01,12880.33,True
54,2021-04-01,30723.83,True
54,2021-05-01,17980.12,True
54,2021-06-01,15934.87,True
54,2021-07-01,34266.89,True
54,2021-08-01,45984.64,True
54,2021-09-01,13020.96,True
54,2021-10-01,29551.21,True
54,2021-11-01,47523.79,True
54,2021-12-01,23375.93,True
54,2022-01-01,24184.12,True
54,2022-02-01,25046.08,True
54,2022-03-01,1279.95,True
54,2022-04-01,38746.93,True
54,2022-05-01,29884.87,True
54,2022-06-01,27632.82,True
54,2022-07-01,49578.47,True
54,2022-08-01,14139.68,True
54,2022-09-01,21470.9,True
54,2022-10-01,4015.19,True
54,2022-11-01,19930.61,True
54,2022-12-01,4270.53,True
54,2023-01-01,48342.18,True
54,2023-02-01,30870.26,True
54,2023-03-01,47639.34,True
54,2023-04-01,36099.84,True
54,2023-05-01,19915.96,True
54,2023-06-01,20978.64,True
54,2023-07-01,45306.65,True
54,2023-08-01,38380.58,True
54,2023-09-01,24177.94,True
54,2023-10-01,13813.4,True
54,2023-11-01,9155.81,True
54,2023-12-01,23978.41,True
54,2024-01-01,11278.54,True
54,2024-02-01,3173.61,True
54,2024-03-01,34365.5,True
54,2024-04-01,41010.76,True
54,2024-05-01,34759.92,True
54,2024-06-01,12143.45,True
54,2024-07-01,47393.81,True
54,2024-08-01,25295.51,True
54,2024-09-01,28323.31,True
54,2024-10-01,3703.05,True
54,2024-11-01,24971.56,True
54,2024-12-01,18468.6,True
55,2021-01-01,20070.47,True
55,2021-02-01,25858.15,True
55,2021-03-01,182.84,True
55,2021-04-01,20519.13,True
55,2021-05-01,135.29,True
55,2021-06-01,34408.76,True
55,2021-07-01,34846.06,True
55,2021-08-01,27574.4,True
55,2021-09-01,48799.2,True
55,2021-10-01,3168.51,True
55,2021-11-01,1745.16,True
55,2021-12-01,5629.95,True
55,2022-01-01,23446.43,True
55,2022-02-01,32383.01,True
55,2022-03-01,38198.66,True
55,2022-04-01,12530.32,True
55,2022-05-01,3320.67,True
55,2022-06-01,15316.28,True
55,2022-07-01,36999.15,True
55,2022-08-01,42680.43,True
55,2022-09-01,30640.55,True
55,2022-10-01,46988.6,True
55,2022-11-01,42351.11,True
55,2022-12-01,17784.48,True
55,2023-01-01,23589.23,True
55,2023-02-01,36660.72,True
55,2023-03-01,48162.74,True
55,2023-04-01,32915.24,True
55,2023-05-01,42495.27,True
55,2023-06-01,18919.18,True
55,2023-07-01,44361.21,True
55,2023-08-01,23998.26,True
55,2023-09-01,14309.88,True
55,2023-10-01,37459.28,True
55,2023-11-01,19595.24,True
55,2023-12-01,20074.34,True
55,2024-01-01,18802.99,True
55,2024-02-01,29765.7,True
55,2024-03-01,3493.73,True
55,2024-04-01,5319.44,True
55,2024-05-01,22788.35,True
55,2024-06-01,27406.64,True
55,2024-07-01,31149.57,True
55,2024-08-01,36715.88,True
55,2024-09-01,32108.24,True
55,2024-10-01,4310.34,True
55,2024-11-01,29451.45,True
55,2024-12-01,39262.75,True
56,2021-01-01,4615.56,True
56,2021-02-01,14515.29,True
56,2021-03-01,42037.87,True
56,2021-04-01,43177.81,True
56,2021-05-01,34183.69,True
56,2021-06-01,1990.31,True
56,2021-07-01,2579.54,True
56,2021-08-01,35419.45,True
56,2021-09-01,37347.43,True
56,2021-10-01,44975.21,True
56,2021-11-01,3295.12,True
56,2021-12-01,8300.47,True
56,2022-01-01,11697.31,True
56,2022-02-01,31944.33,True
56,2022-03-01,40680.38,True
56,2022-04-01,45276.67,True
56,2022-05-01,12224.37,True
56,2022-06-01,10511.98,True
56,2022-07-01,15708.61,True
56,2022-08-01,7859.23,True
56,2022-09-01,45621.84,True
56,2022-10-01,12966.46,True
56,2022-11-01,1897.97,True
56,2022-12-01,23051.84,True
56,2023-01-01,42484.23,True
56,2023-02-01,8026.25,True
56,2023-03-01,11180.23,True
56,2023-04-01,40788.7,True
56,2023-05-01,47893.24,True
56,2023-06-01,46123.86,True
56,2023-07-01,29972.5,True
56,2023-08-01,29463.96,True
56,2023-09-01,14793.61,True
56,2023-10-01,48978.21,True
56,2023-11-01,14130.07,True
56,2023-12-01,8621.2,True
56,2024-01-01,36167.91,True
56,2024-02-01,48354.98,True
56,2024-03-01,33356.11,True
56,2024-04-01,21822.46,True
56,2024-05-01,38386.17,True
56,2024-06-01,36010.75,True
56,2024-07-01,47570.37,True
56,2024-08-01,5687.38,True
56,2024-09-01,3750.57,True
56,2024-10-01,27021.97,True
56,2024-11-01,47796.05,True
56,2024-12-01,46639.93,True
57,2021-01-01,30139.55,True
57,2021-02-01,25972.78,True
57,2021-03-01,44582.99,True
57,2021-04-01,777.12,True
57,2021-05-01,6512.72,True
57,2021-06-01,34158.96,True
57,2021-07-01,23354.0,True
57,2021-08-01,34539.81,True
57,2021-09-01,4614.43,True
57,2021-10-01,38540.58,True
57,2021-11-01,30900.17,True
57,2021-12-01,49323.63,True
57,2022-01-01,22745.78,True
57,2022-02-01,15474.42,True
57,2022-03-01,47084.52,True
57,2022-04-01,49880.17,True
57,2022-05-01,234.33,True
57,2022-06-01,26525.19,True
57,2022-07-01,5191.39,True
57,2022-08-01,29593.67,True
57,2022-09-01,11361.47,True
57,2022-10-01,42367.03,True
57,2022-11-01,34224.32,True
57,2022-12-01,20674.57,True
57,2023-01-01,27781.32,True
57,2023-02-01,14073.59,True
57,2023-03-01,38681.66,True
57,2023-04-01,997.82,True
57,2023-05-01,31736.84,True
57,2023-06-01,19968.37,True
57,2023-07-01,31666.03,True
57,2023-08-01,45691.74,True
57,2023-09-01,11091.4,True
57,2023-10-01,17415.1,True
57,2023-11-01,14646.7,True
57,2023-12-01,34717.92,True
57,2024-01-01,20821.41,True
57,2024-02-01,29175.24,True
57,2024-03-01,15412.33,True
57,2024-04-01,37245.55,True
57,2024-05-01,42079.82,True
57,2024-06-01,41272.68,True
57,2024-07-01,38765.9,True
57,2024-08-01,40323.59,True
57,2024-09-01,27948.14,True
57,2024-10-01,30187.09,True
57,2024-11-01,23913.55,True
57,2024-12-01,46155.77,True
58,2021-01-01,8226.04,True
58,2021-02-01,7730.67,True
58,2021-03-01,15812.32,True
58,2021-04-01,1330.52,True
58,2021-05-01,31413.29,True
58,2021-06-01,4332.29,True
58,2021-07-01,45378.82,True
58,2021-08-01,8306.32,True
58,2021-09-01,4466.51,True
58,2021-10-01,27522.54,True
58,2021-11-01,19137.77,True
58,2021-12-01,24155.05,True
58,2022-01-01,9324.13,True
58,2022-02-01,6408.37,True
58,2022-03-01,4846.12,True
58,2022-04-01,16383.96,True
58,2022-05-01,4260.68,True
58,2022-06-01,17983.15,True
58,2022-07-01,25399.34,True
58,2022-08-01,42138.96,True
58,2022-09-01,19601.23,True
58,2022-10-01,36429.01,True
58,2022-11-01,115.45,True
58,2022-12-01,5567.85,True
58,2023-01-01,8681.69,True
58,2023-02-01,42178.61,True
58,2023-03-01,27111.92,True
58,2023-04-01,27865.79,True
58,2023-05-01,31.89,True
58,2023-06-01,14853.74,True
58,2023-07-01,2902.21,True
58,2023-08-01,26987.81,True
58,2023-09-01,22774.44,True
58,2023-10-01,37123.58,True
58,2023-11-01,14289.16,True
58,2023-12-01,40750.27,True
58,2024-01-01,10068.05,True
58,2024-02-01,38005.28,True
58,2024-03-01,45323.58,True
58,2024-04-01,37931.15,True
58,2024-05-01,33721.84,True
58,2024-06-01,24752.36,True
58,2024-07-01,24382.39,True
58,2024-08-01,27632.82,True
58,2024-09-01,47674.09,True
58,2024-10-01,12396.82,True
58,2024-11-01,19175.92,True
58,2024-12-01,29262.66,True
59,2021-01-01,13070.44,False
59,2021-02-01,1605.75,False
59,2021-03-01,14285.08,False
59,2021-04-01,15380.15,False
59,2021-05-01,33595.96,False
59,2021-06-01,46844.67,False
59,2021-07-01,18885.18,False
59,2021-08-01,45663.77,False
59,2021-09-01,15316.47,False
59,2021-11-01,15252.37,False
59,2022-01-01,3539.97,False
59,2022-02-01,29641.76,False
59,2022-04-01,5332.0,False
59,2022-05-01,28448.77,False
59,2022-06-01,6471.58,False
59,2022-08-01,12029.13,False
59,2022-09-01,19050.99,False
59,2022-10-01,38673.27,False
59,2022-11-01,49337.96,False
59,2022-12-01,38691.6,False
59,2023-01-01,8822.94,False
59,2023-02-01,32292.49,False
59,2023-03-01,24880.78,False
59,2023-04-01,9521.84,False
59,2023-05-01,41581.74,False
59,2023-06-01,31497.24,False
59,2023-07-01,24133.82,False
59,2023-08-01,13396.04,False
59,2023-09-01,4039.7,False
59,2023-10-01,27588.78,False
59,2023-11-01,25127.53,False
59,2024-01-01,12528.16,False
59,2024-02-01,36105.73,False
59,2024-03-01,33151.15,False
59,2024-04-01,46592.99,False
59,2024-05-01,4174.47,False
59,2024-06-01,43198.51,False
59,2024-07-01,49114.34,False
59,2024-08-01,24767.67,False
59,2024-09-01,43346.46,False
59,2024-10-01,5899.99,False
59,2024-11-01,23753.77,False
59,2024-12-01,40428.73,False
60,2021-01-01,15579.51,True
60,2021-02-01,37832.61,True
60,2021-03-01,42825.07,True
60,2021-04-01,25063.95,True
60,2021-05-01,45343.4,True
60,2021-06-01,5434.61,True
60,2021-07-01,15239.29,True
60,2021-08-01,5749.32,True
60,2021-09-01,44146.56,True
60,2021-10-01,1953.57,True
60,2021-11-01,45128.47,True
60,2021-12-01,46415.19,True
60,2022-01-01,21220.45,True
60,2022-02-01,16887.05,True
60,2022-03-01,49297.79,True
60,2022-04-01,11131.72,True
60,2022-05-01,1763.09,True
60,2022-06-01,11983.45,True
60,2022-07-01,21115.86,True
60,2022-08-01,30113.67,True
60,2022-09-01,39154.54,True
60,2022-10-01,20232.73,True
60,2022-11-01,43641.3,True
60,2022-12-01,38254.71,True
60,2023-01-01,10181.84,True
60,2023-02-01,39353.97,True
60,2023-03-01,18896.12,True
60,2023-04-01,30589.29,True
60,2023-05-01,28470.11,True
60,2023-06-01,7406.06,True
60,2023-07-01,854.92,True
60,2023-08-01,44326.66,True
60,2023-09-01,8874.18,True
60,2023-10-01,46553.4,True
60,2023-11-01,5449.46,True
60,2023-12-01,48513.95,True
60,2024-01-01,14500.52,True
60,2024-02-01,21021.32,True
60,2024-03-01,35897.34,True
60,2024-04-01,19827.7,True
60,2024-05-01,40559.95,True
60,2024-06-01,39659.02,True
60,2024-07-01,27409.63,True
60,2024-08-01,37602.34,True
60,2024-09-01,11684.28,True
60,2024-10-01,749.4,True
60,2024-11-01,28279.29,True
60,2024-12-01,15605.1,True
61,2021-01-01,20972.72,True
61,2021-02-01,44009.57,True
61,2021-03-01,41898.82,True
61,2021-04-01,19598.96,True
61,2021-05-01,16872.27,True
61,2021-06-01,7331.65,True
61,2021-07-01,15613.37,True
61,2021-08-01,7531.55,True
61,2021-09-01,23685.33,True
61,2021-10-01,4048.63,True
61,2021-11-01,49373.83,True
61,2021-12-01,12540.92,True
61,2022-01-01,25140.3,True
61,2022-02-01,11272.11,True
61,2022-03-01,48844.02,True
61,2022-04-01,18977.92,True
61,2022-05-01,27678.53,True
61,2022-06-01,10945.15,True
61,2022-07-01,29218.02,True
61,2022-08-01,42628.73,True
61,2022-09-01,36539.29,True
61,2022-10-01,43877.89,True
61,2022-11-01,29698.25,True
61,2022-12-01,43634.07,True
61,2023-01-01,13701.44,True
61,2023-02-01,2728.5,True
61,2023-03-01,15035.69,True
61,2023-04-01,45439.96,True
61,2023-05-01,44511.84,True
61,2023-06-01,36228.48,True
61,2023-07-01,4815.84,True
61,2023-08-01,2519.65,True
61,2023-09-01,8415.33,True
61,2023-10-01,4117.0,True
61,2023-11-01,49429.95,True
61,2023-12-01,2505.32,True
61,2024-01-01,32840.54,True
61,2024-02-01,42333.16,True
61,2024-03-01,24727.03,True
61,2024-04-01,43518.75,True
61,2024-05-01,25452.7,True
61,2024-06-01,37731.06,True
61,2024-07-01,39254.46,True
61,2024-08-01,22508.15,True
61,2024-09-01,27252.43,True
61,2024-10-01,42375.35,True
61,2024-11-01,38883.09,True
61,2024-12-01,5274.61,True
62,2021-01-01,17309.58,True
62,2021-02-01,586.69,True
62,2021-03-01,25932.18,True
62,2021-04-01,25304.38,True
62,2021-05-01,48316.32,True
62,2021-06-01,41840.61,True
62,2021-07-01,46529.21,True
62,2021-08-01,41050.48,True
62,2021-09-01,1391.88,True
62,2021-10-01,28800.35,True
62,2021-11-01,34483.67,True
62,2021-12-01,5226.83,True
62,2022-01-01,4861.15,True
62,2022-02-01,19499.68,True
62,2022-03-01,2450.87,True
62,2022-04-01,21107.05,True
62,2022-05-01,45363.11,True
62,2022-06-01,14167.24,True
62,2022-07-01,19788.46,True
62,2022-08-01,35326.26,True
62,2022-09-01,99.96,True
62,2022-10-01,24437.62,True
62,2022-11-01,34756.73,True
62,2022-12-01,2569.93,True
62,2023-01-01,20508.6,True
62,2023-02-01,22587.84,True
62,2023-03-01,17735.54,True
62,2023-04-01,49816.47,True
62,2023-05-01,650.2,True
62,2023-06-01,47221.61,True
62,2023-07-01,13343.41,True
62,2023-08-01,29290.38,True
62,2023-09-01,725.1,True
62,2023-10-01,4672.94,True
62,2023-11-01,6089.94,True
62,2023-12-01,28584.49,True
62,2024-01-01,46107.24,True
62,2024-02-01,32766.85,True
62,2024-03-01,41697.77,True
62,2024-04-01,20219.23,True
62,2024-05-01,22744.75,True
62,2024-06-01,21391.45,True
62,2024-07-01,31241.2,True
62,2024-08-01,33856.3,True
62,2024-09-01,25568.8,True
62,2024-10-01,8774.44,True
62,2024-11-01,34074.64,True
62,2024-12-01,16952.37,True
63,2021-01-01,40764.41,True
63,2021-02-01,10587.63,True
63,2021-03-01,10975.41,True
63,2021-04-01,16146.81,True
63,2021-05-01,43498.42,True
63,2021-06-01,20592.22,True
63,2021-07-01,36172.96,True
63,2021-08-01,47475.75,True
63,2021-09-01,5722.8,True
63,2021-10-01,48460.94,True
63,2021-11-01,36125.54,True
63,2021-12-01,18140.15,True
63,2022-01-01,27023.39,True
63,2022-02-01,40610.13,True
63,2022-03-01,33325.33,True
63,2022-04-01,28892.0,True
63,2022-05-01,33799.86,True
63,2022-06-01,27902.03,True
63,2022-07-01,45451.71,True
63,2022-08-01,30461.88,True
63,2022-09-01,49891.67,True
63,2022-10-01,29621.72,True
63,2022-11-01,6268.07,True
63,2022-12-01,19625.53,True
63,2023-01-01,26119.63,True
63,2023-02-01,29049.23,True
63,2023-03-01,15651.3,True
63,2023-04-01,26998.51,True
63,2023-05-01,24748.06,True
63,2023-06-01,10679.91,True
63,2023-07-01,27996.29,True
63,2023-08-01,35938.64,True
63,2023-09-01,642.69,True
63,2023-10-01,0.98,True
63,2023-11-01,14229.05,True
63,2023-12-01,35025.24,True
63,2024-01-01,31934.62,True
63,2024-02-01,40147.52,True
63,2024-03-01,49443.59,True
63,2024-04-01,25486.67,True
63,2024-05-01,49641.05,True
63,2024-06-01,44236.96,True
63,2024-07-01,11067.01,True
63,2024-08-01,30268.34,True
63,2024-09-01,8687.03,True
63,2024-10-01,15063.32,True
63,2024-11-01,3679.81,True
63,2024-12-01,42892.7,True
64,2021-01-01,21362.07,True
64,2021-02-01,3927.23,True
64,2021-03-01,5564.98,True
64,2021-04-01,27688.88,True
64,2021-05-01,46956.63,True
64,2021-06-01,46233.13,True
64,2021-07-01,32741.79,True
64,2021-08-01,15802.6,True
64,2021-09-01,7731.49,True
64,2021-10-01,30778.29,True
64,2021-11-01,13745.43,True
64,2021-12-01,24353.67,True
64,2022-01-01,4637.16,True
64,2022-02-01,6523.96,True
64,2022-03-01,16090.58,True
64,2022-04-01,23522.74,True
64,2022-05-01,8340.63,True
64,2022-06-01,26812.61,True
64,2022-07-01,30269.69,True
64,2022-08-01,22399.55,True
64,2022-09-01,7391.43,True
64,2022-10-01,21794.39,True
64,2022-11-01,44026.02,True
64,2022-12-01,28439.77,True
64,2023-01-01,7206.86,True
64,2023-02-01,29479.1,True
64,2023-03-01,19358.24,True
64,2023-04-01,48420.79,True
64,2023-05-01,10254.95,True
64,2023-06-01,41299.4,True
64,2023-07-01,36271.77,True
64,2023-08-01,27853.41,True
64,2023-09-01,5516.7,True
64,2023-10-01,4361.45,True
64,2023-11-01,42128.73,True
64,2023-12-01,9856.81,True
64,2024-01-01,27022.2,True
64,2024-02-01,24798.42,True
64,2024-03-01,30823.9,True
64,2024-04-01,34707.3,True
64,2024-05-01,21485.95,True
64,2024-06-01,21981.05,True
64,2024-07-01,7271.35,True
64,2024-08-01,49191.92,True
64,2024-09-01,34995.32,True
64,2024-10-01,9756.28,True
64,2024-11-01,23961.28,True
64,2024-12-01,44280.91,True
65,2021-01-01,6164.19,False
65,2021-02-01,8551.41,False
65,2021-03-01,25178.65,False
65,2021-04-01,21380.4,False
65,2021-05-01,31328.08,False
65,2021-06-01,22708.85,False
65,2021-07-01,48278.33,False
65,2021-08-01,24646.84,False
65,2021-09-01,15144.45,False
65,2021-10-01,6049.64,False
65,2021-11-01,23476.17,False
65,2021-12-01,23992.1,False
65,2022-01-01,31712.39,False
65,2022-02-01,562.7,False
65,2022-04-01,34976.09,False
65,2022-05-01,35435.73,False
65,2022-06-01,16936.37,False
65,2022-07-01,16374.45,False
65,2022-08-01,7735.53,False
65,2022-10-01,224.72,False
65,2022-11-01,36281.32,False
65,2022-12-01,44461.04,False
65,2023-01-01,29676.53,False
65,2023-02-01,1787.23,False
65,2023-03-01,21071.61,False
65,2023-04-01,18261.46,False
65,2023-05-01,1857.14,False
65,2023-06-01,1663.11,False
65,2023-07-01,27868.22,False
65,2023-08-01,27139.31,False
65,2023-09-01,730.55,False
65,2023-10-01,10397.98,False
65,2023-11-01,40762.65,False
65,2023-12-01,27361.98,False
65,2024-02-01,48192.35,False
65,2024-03-01,35540.19,False
65,2024-04-01,8964.63,False
65,2024-05-01,45010.5,False
65,2024-06-01,35153.81,False
65,2024-07-01,14514.97,False
65,2024-08-01,25768.23,False
65,2024-09-01,12732.25,False
65,2024-10-01,40445.36,False
65,2024-11-01,32801.79,False
65,2024-12-01,39864.34,False
66,2021-01-01,12022.13,True
66,2021-02-01,1316.25,True
66,2021-03-01,11279.08,True
66,2021-04-01,42175.72,True
66,2021-05-01,13349.54,True
66,2021-06-01,29405.38,True
66,2021-07-01,9512.27,True
66,2021-08-01,40402.39,True
66,2021-09-01,41273.39,True
66,2021-10-01,34838.5,True
66,2021-11-01,29127.5,True
66,2021-12-01,8809.53,True
66,2022-01-01,15233.07,True
66,2022-02-01,41.85,True
66,2022-03-01,20024.31,True
66,2022-04-01,36732.27,True
66,2022-05-01,30136.23,True
66,2022-06-01,45859.83,True
66,2022-07-01,13561.11,True
66,2022-08-01,1158.74,True
66,2022-09-01,7168.65,True
66,2022-10-01,46487.49,True
66,2022-11-01,46607.92,True
66,2022-12-01,9645.39,True
66,2023-01-01,11512.58,True
66,2023-02-01,15558.96,True
66,2023-03-01,7845.14,True
66,2023-04-01,9454.4,True
66,2023-05-01,35786.52,True
66,2023-06-01,37745.12,True
66,2023-07-01,6111.15,True
66,2023-08-01,45560.26,True
66,2023-09-01,35034.02,True
66,2023-10-01,48762.61,True
66,2023-11-01,38540.48,True
66,2023-12-01,16105.17,True
66,2024-01-01,46307.99,True
66,2024-02-01,44995.75,True
66,2024-03-01,26936.21,True
66,2024-04-01,41930.78,True
66,2024-05-01,7252.29,True
66,2024-06-01,28293.93,True
66,2024-07-01,25081.96,True
66,2024-08-01,884.93,True
66,2024-09-01,39370.36,True
66,2024-10-01,41639.63,True
66,2024-11-01,45567.3,True
66,2024-12-01,47703.58,True
67,2021-01-01,23904.98,True
67,2021-02-01,43255.35,True
67,2021-03-01,28308.72,True
67,2021-04-01,37287.41,True
67,2021-05-01,40874.9,True
67,2021-06-01,14634.39,True
67,2021-07-01,36524.77,True
67,2021-08-01,45084.62,True
67,2021-09-01,24516.3,True
67,2021-10-01,5626.49,True
67,2021-11-01,15753.86,True
67,2021-12-01,21341.81,True
67,2022-01-01,7850.91,True
67,2022-02-01,6857.45,True
67,2022-03-01,36507.27,True
67,2022-04-01,4074.38,True
67,2022-05-01,39275.32,True
67,2022-06-01,11282.67,True
67,2022-07-01,5156.25,True
67,2022-08-01,780.66,True
67,2022-09-01,36537.31,True
67,2022-10-01,14868.93,True
67,2022-11-01,41545.22,True
67,2022-12-01,6967.35,True
67,2023-01-01,13513.23,True
67,2023-02-01,3292.17,True
67,2023-03-01,26971.39,True
67,2023-04-01,28499.17,True
67,2023-05-01,43337.64,True
67,2023-06-01,36671.02,True
67,2023-07-01,25425.08,True
67,2023-08-01,41368.83,True
67,2023-09-01,48470.51,True
67,2023-10-01,25690.33,True
67,2023-11-01,17445.55,True
67,2023-12-01,31329.26,True
67,2024-01-01,26983.16,True
67,2024-02-01,17232.49,True
67,2024-03-01,23798.9,True
67,2024-04-01,6878.17,True
67,2024-05-01,30162.96,True
67,2024-06-01,38129.16,True
67,2024-07-01,9127.79,True
67,2024-08-01,10692.91,True
67,2024-09-01,18827.22,True
67,2024-10-01,23689.74,True
67,2024-11-01,11967.94,True
67,2024-12-01,48211.9,True
68,2021-01-01,1860.2,True
68,2021-02-01,16867.91,True
68,2021-03-01,26937.09,True
68,2021-04-01,5215.68,True
68,2021-05-01,27166.97,True
68,2021-06-01,38161.74,True
68,2021-07-01,1834.9,True
68,2021-08-01,42574.79,True
68,2021-09-01,27248.22,True
68,2021-10-01,10443.31,True
68,2021-11-01,19405.95,True
68,2021-12-01,23031.18,True
68,2022-01-01,33157.36,True
68,2022-02-01,23823.8,True
68,2022-03-01,40972.79,True
68,2022-04-01,3408.13,True
68,2022-05-01,23833.11,True
68,2022-06-01,22513.72,True
68,2022-07-01,3724.02,True
68,2022-08-01,25698.67,True
68,2022-09-01,36024.63,True
68,2022-10-01,2155.71,True
68,2022-11-01,9263.47,True
68,2022-12-01,4307.28,True
68,2023-01-01,36126.68,True
68,2023-02-01,25708.56,True
68,2023-03-01,7607.59,True
68,2023-04-01,38406.32,True
68,2023-05-01,17607.13,True
68,2023-06-01,5818.48,True
68,2023-07-01,20419.77,True
68,2023-08-01,21076.93,True
68,2023-09-01,34453.27,True
68,2023-10-01,5051.62,True
68,2023-11-01,44447.95,True
68,2023-12-01,48461.95,True
68,2024-01-01,13853.83,True
68,2024-02-01,7399.69,True
68,2024-03-01,17950.59,True
68,2024-04-01,46239.5,True
68,2024-05-01,46742.77,True
68,2024-06-01,46998.72,True
68,2024-07-01,18029.25,True
68,2024-08-01,12011.65,True
68,2024-09-01,19291.22,True
68,2024-10-01,11984.63,True
68,2024-11-01,35441.56,True
68,2024-12-01,2055.63,True
69,2021-01-01,20908.67,True
69,2021-02-01,39971.11,True
69,2021-03-01,41287.04,True
69,2021-04-01,355.2,True
69,2021-05-01,11611.13,True
69,2021-06-01,3980.6,True
69,2021-07-01,9835.57,True
69,2021-08-01,40145.76,True
69,2021-09-01,34804.84,True
69,2021-10-01,16522.19,True
69,2021-11-01,4287.77,True
69,2021-12-01,23673.18,True
69,2022-01-01,6024.37,True
69,2022-02-01,40763.45,True
69,2022-03-01,17815.99,True
69,2022-04-01,11935.64,True
69,2022-05-01,26281.67,True
69,2022-06-01,27152.31,True
69,2022-07-01,29384.34,True
69,2022-08-01,32602.48,True
69,2022-09-01,39642.67,True
69,2022-10-01,33080.05,True
69,2022-11-01,39293.56,True
69,2022-12-01,14143.5,True
69,2023-01-01,32636.02,True
69,2023-02-01,9044.65,True
69,2023-03-01,25100.97,True
69,2023-04-01,37172.1,True
69,2023-05-01,4826.81,True
69,2023-06-01,49957.4,True
69,2023-07-01,40992.55,True
69,2023-08-01,1026.88,True
69,2023-09-01,4478.28,True
69,2023-10-01,25169.77,True
69,2023-11-01,44235.46,True
69,2023-12-01,40723.56,True
69,2024-01-01,48331.8,True
69,2024-02-01,48969.42,True
69,2024-03-01,9400.62,True
69,2024-04-01,11589.18,True
69,2024-05-01,42903.03,True
69,2024-06-01,31272.13,True
69,2024-07-01,23535.9,True
69,2024-08-01,33031.62,True
69,2024-09-01,30411.16,True
69,2024-10-01,40858.99,True
69,2024-11-01,23161.74,True
69,2024-12-01,9513.7,True
70,2021-01-01,49253.77,True
70,2021-02-01,33436.74,True
70,2021-03-01,40605.91,True
70,2021-04-01,33969.15,True
70,2021-05-01,1013.0,True
70,2021-06-01,34172.01,True
70,2021-07-01,8848.01,True
70,2021-08-01,47232.81,True
70,2021-09-01,18530.05,True
70,2021-10-01,41609.11,True
70,2021-11-01,14910.69,True
70,2021-12-01,30642.14,True
70,2022-01-01,19406.77,True
70,2022-02-01,49341.74,True
70,2022-03-01,5423.39,True
70,2022-04-01,5210.12,True
70,2022-05-01,15593.87,True
70,2022-06-01,15275.75,True
70,2022-07-01,24358.14,True
70,2022-08-01,41547.02,True
70,2022-09-01,21562.69,True
70,2022-10-01,28804.68,True
70,2022-11-01,34275.04,True
70,2022-12-01,33127.94,True
70,2023-01-01,35690.26,True
70,2023-02-01,16769.11,True
70,2023-03-01,8927.79,True
70,2023-04-01,1780.85,True
70,2023-05-01,1310.1,True
70,2023-06-01,17752.16,True
70,2023-07-01,31711.42,True
70,2023-08-01,25047.49,True
70,2023-09-01,30722.5,True
70,2023-10-01,40088.93,True
70,2023-11-01,28731.69,True
70,2023-12-01,11579.28,True
70,2024-01-01,7157.96,True
70,2024-02-01,16372.35,True
70,2024-03-01,12751.83,True
70,2024-04-01,21325.18,True
70,2024-05-01,20000.54,True
70,2024-06-01,17734.35,True
70,2024-07-01,43035.4,True
70,2024-08-01,39924.17,True
70,2024-09-01,2897.43,True
70,2024-10-01,47102.62,True
70,2024-11-01,16535.11,True
70,2024-12-01,23897.23,True
71,2021-01-01,8286.63,True
71,2021-02-01,39605.63,True
71,2021-03-01,17753.44,True
71,2021-04-01,39455.27,True
71,2021-05-01,75.41,True
71,2021-06-01,45016.39,True
71,2021-07-01,6107.6,True
71,2021-08-01,26682.81,True
71,2021-09-01,7225.03,True
71,2021-10-01,11516.89,True
71,2021-11-01,7440.99,True
71,2021-12-01,44581.75,True
71,2022-01-01,40791.29,True
71,2022-02-01,34496.11,True
71,2022-03-01,863.52,True
71,2022-04-01,31147.59,True
71,2022-05-01,34635.94,True
71,2022-06-01,11258.5,True
71,2022-07-01,38419.21,True
71,2022-08-01,37200.04,True
71,2022-09-01,5445.97,True
71,2022-10-01,17668.08,True
71,2022-11-01,30515.29,True
71,2022-12-01,18508.99,True
71,2023-01-01,15373.56,True
71,2023-02-01,786.13,True
71,2023-03-01,17085.35,True
71,2023-04-01,2802.03,True
71,2023-05-01,22191.06,True
71,2023-06-01,19795.02,True
71,2023-07-01,47930.21,True
71,2023-08-01,5422.37,True
71,2023-09-01,31655.2,True
71,2023-10-01,6780.58,True
71,2023-11-01,33755.04,True
71,2023-12-01,46045.9,True
71,2024-01-01,36885.18,True
71,2024-02-01,41328.47,True
71,2024-03-01,2168.61,True
71,2024-04-01,17835.75,True
71,2024-05-01,9349.88,True
71,2024-06-01,42328.32,True
71,2024-07-01,30925.99,True
71,2024-08-01,1821.13,True
71,2024-09-01,32055.61,True
71,2024-10-01,35022.67,True
71,2024-11-01,6210.76,True
71,2024-12-01,33477.29,True
72,2021-01-01,21817.13,True
72,2021-02-01,34344.51,True
72,2021-03-01,39228.68,True
72,2021-04-01,33865.54,True
72,2021-05-01,10709.37,True
72,2021-06-01,34919.22,True
72,2021-07-01,9262.19,True
72,2021-08-01,49930.31,True
72,2021-09-01,35072.43,True
72,2021-10-01,47749.22,True
72,2021-11-01,47150.54,True
72,2021-12-01,24325.89,True
72,2022-01-01,13275.81,True
72,2022-02-01,22494.45,True
72,2022-03-01,4037.03,True
72,2022-04-01,11575.5,True
72,2022-05-01,1000.63,True
72,2022-06-01,46733.47,True
72,2022-07-01,4909.5,True
72,2022-08-01,39188.61,True
72,2022-09-01,32759.21,True
72,2022-10-01,7022.92,True
72,2022-11-01,42515.79,True
72,2022-12-01,16714.75,True
72,2023-01-01,6796.63,True
72,2023-02-01,36988.43,True
72,2023-03-01,20230.16,True
72,2023-04-01,37304.33,True
72,2023-05-01,1278.15,True
72,2023-06-01,18023.51,True
72,2023-07-01,8151.89,True
72,2023-08-01,33541.33,True
72,2023-09-01,29013.8,True
72,2023-10-01,41544.49,True
72,2023-11-01,13994.85,True
72,2023-12-01,25315.95,True
72,2024-01-01,33222.0,True
72,2024-02-01,7863.54,True
72,2024-03-01,3157.16,True
72,2024-04-01,25891.21,True
72,2024-05-01,17854.8,True
72,2024-06-01,6512.38,True
72,2024-07-01,43788.21,True
72,2024-08-01,19596.09,True
72,2024-09-01,40326.99,True
72,2024-10-01,27283.28,True
72,2024-11-01,23894.46,True
72,2024-12-01,28586.97,True
73,2021-01-01,13411.46,True
73,2021-02-01,28979.58,True
73,2021-03-01,10138.9,True
73,2021-04-01,13144.62,True
73,2021-05-01,35133.99,True
73,2021-06-01,15224.14,True
73,2021-07-01,32682.5,True
73,2021-08-01,2572.76,True
73,2021-09-01,30187.4,True
73,2021-10-01,5393.56,True
73,2021-11-01,14023.27,True
73,2021-12-01,42198.28,True
73,2022-01-01,24079.53,True
73,2022-02-01,6189.98,True
73,2022-03-01,6597.25,True
73,2022-04-01,28412.47,True
73,2022-05-01,33678.92,True
73,2022-06-01,32393.09,True
73,2022-07-01,38806.98,True
73,2022-08-01,1797.56,True
73,2022-09-01,20177.89,True
73,2022-10-01,32865.85,True
73,2022-11-01,32006.05,True
73,2022-12-01,42469.48,True
73,2023-01-01,28813.65,True
73,2023-02-01,22251.8,True
73,2023-03-01,12217.63,True
73,2023-04-01,19454.18,True
73,2023-05-01,7227.1,True
73,2023-06-01,43310.61,True
73,2023-07-01,27361.38,True
73,2023-08-01,22769.65,True
73,2023-09-01,26867.46,True
73,2023-10-01,29652.52,True
73,2023-11-01,10002.56,True
73,2023-12-01,13511.46,True
73,2024-01-01,27438.46,True
73,2024-02-01,6880.15,True
73,2024-03-01,46286.08,True
73,2024-04-01,41875.39,True
73,2024-05-01,581.04,True
73,2024-06-01,33803.58,True
73,2024-07-01,24238.21,True
73,2024-08-01,33234.41,True
73,2024-09-01,34591.3,True
73,2024-10-01,31639.0,True
73,2024-11-01,37305.13,True
73,2024-12-01,31275.58,True
74,2021-01-01,4516.33,True
74,2021-02-01,17381.24,True
74,2021-03-01,6484.71,True
74,2021-04-01,30132.33,True
74,2021-05-01,23578.85,True
74,2021-06-01,19421.62,True
74,2021-07-01,13160.52,True
74,2021-08-01,45661.0,True
74,2021-09-01,710.43,True
74,2021-10-01,31833.33,True
74,2021-11-01,25626.44,True
74,2021-12-01,45184.3,True
74,2022-01-01,43036.27,True
74,2022-02-01,11271.9,True
74,2022-03-01,43519.78,True
74,2022-04-01,30985.23,True
74,2022-05-01,15829.23,True
74,2022-06-01,23406.71,True
74,2022-07-01,11026.96,True
74,2022-08-01,38434.38,True
74,2022-09-01,43281.56,True
74,2022-10-01,20011.87,True
74,2022-11-01,9617.94,True
74,2022-12-01,18954.31,True
74,2023-01-01,2132.3,True
74,2023-02-01,6712.3,True
74,2023-03-01,37447.34,True
74,2023-04-01,29874.57,True
74,2023-05-01,22817.97,True
74,2023-06-01,32886.31,True
74,2023-07-01,22591.88,True
74,2023-08-01,19082.56,True
74,2023-09-01,44716.08,True
74,2023-10-01,36282.72,True
74,2023-11-01,48464.87,True
74,2023-12-01,8563.93,True
74,2024-01-01,22421.0,True
74,2024-02-01,39352.43,True
74,2024-03-01,31414.9,True
74,2024-04-01,28889.07,True
74,2024-05-01,44360.43,True
74,2024-06-01,42380.87,True
74,2024-07-01,43575.87,True
74,2024-08-01,39311.14,True
74,2024-09-01,27652.81,True
74,2024-10-01,30517.86,True
74,2024-11-01,23642.04,True
74,2024-12-01,2856.23,True
75,2021-01-01,10335.2,True
75,2021-02-01,2765.5,True
75,2021-03-01,44559.21,True
75,2021-04-01,2255.2,True
75,2021-05-01,39898.99,True
75,2021-06-01,49053.49,True
75,2021-07-01,48731.0,True
75,2021-08-01,5147.56,True
75,2021-09-01,1024.2,True
75,2021-10-01,43179.53,True
75,2021-11-01,18922.07,True
75,2021-12-01,41553.48,True
75,2022-01-01,2445.77,True
75,2022-02-01,10646.5,True
75,2022-03-01,19763.09,True
75,2022-04-01,20854.38,True
75,2022-05-01,36889.2,True
75,2022-06-01,39283.95,True
75,2022-07-01,16370.97,True
75,2022-08-01,41693.07,True
75,2022-09-01,21215.71,True
75,2022-10-01,23880.99,True
75,2022-11-01,33656.39,True
75,2022-12-01,13035.59,True
75,2023-01-01,3596.83,True
75,2023-02-01,15395.07,True
75,2023-03-01,6155.33,True
75,2023-04-01,27505.19,True
75,2023-05-01,7054.2,True
75,2023-06-01,23140.05,True
75,2023-07-01,14831.79,True
75,2023-08-01,23045.65,True
75,2023-09-01,659.98,True
75,2023-10-01,20189.42,True
75,2023-11-01,31813.0,True
75,2023-12-01,30383.24,True
75,2024-01-01,29983.41,True
75,2024-02-01,14984.59,True
75,2024-03-01,49140.8,True
75,2024-04-01,46599.64,True
75,2024-05-01,27764.86,True
75,2024-06-01,15288.51,True
75,2024-07-01,44534.24,True
75,2024-08-01,46521.44,True
75,2024-09-01,34643.99,True
75,2024-10-01,26552.87,True
75,2024-11-01,15419.6,True
75,2024-12-01,48531.47,True
76,2021-01-01,29486.44,True
76,2021-02-01,37605.88,True
76,2021-03-01,2763.06,True
76,2021-04-01,29189.18,True
76,2021-05-01,28258.69,True
76,2021-06-01,34178.29,True
76,2021-07-01,41096.47,True
76,2021-08-01,26613.27,True
76,2021-09-01,42433.35,True
76,2021-10-01,5058.26,True
76,2021-11-01,4363.18,True
76,2021-12-01,46310.4,True
76,2022-01-01,10168.48,True
76,2022-02-01,19359.28,True
76,2022-03-01,48308.04,True
76,2022-04-01,16376.25,True
76,2022-05-01,43921.99,True
76,2022-06-01,18326.27,True
76,2022-07-01,17465.3,True
76,2022-08-01,30568.74,True
76,2022-09-01,22205.46,True
76,2022-10-01,1604.03,True
76,2022-11-01,4574.83,True
76,2022-12-01,48003.43,True
76,2023-01-01,39678.82,True
76,2023-02-01,35369.54,True
76,2023-03-01,24512.15,True
76,2023-04-01,8808.11,True
76,2023-05-01,24174.85,True
76,2023-06-01,12510.34,True
76,2023-07-01,42559.06,True
76,2023-08-01,15908.71,True
76,2023-09-01,5221.47,True
76,2023-10-01,40334.17,True
76,2023-11-01,40609.0,True
76,2023-12-01,24813.81,True
76,2024-01-01,19094.43,True
76,2024-02-01,1568.62,True
76,2024-03-01,38975.59,True
76,2024-04-01,26360.62,True
76,2024-05-01,30420.96,True
76,2024-06-01,41725.88,True
76,2024-07-01,46741.82,True
76,2024-08-01,2408.21,True
76,2024-09-01,48404.56,True
76,2024-10-01,19415.35,True
76,2024-11-01,9693.97,True
76,2024-12-01,41054.2,True
77,2021-01-01,35288.15,True
77,2021-02-01,1190.67,True
77,2021-03-01,10338.24,True
77,2021-04-01,18048.52,True
77,2021-05-01,27211.69,True
77,2021-06-01,5798.62,True
77,2021-07-01,9295.5,True
77,2021-08-01,33873.33,True
77,2021-09-01,75.63,True
77,2021-10-01,43706.94,True
77,2021-11-01,35341.56,True
77,2021-12-01,17811.94,True
77,2022-01-01,43234.5,True
77,2022-02-01,20633.69,True
77,2022-03-01,23025.66,True
77,2022-04-01,14954.44,True
77,2022-05-01,39578.73,True
77,2022-06-01,24795.82,True
77,2022-07-01,23249.78,True
77,2022-08-01,45292.29,True
77,2022-09-01,5709.98,True
77,2022-10-01,23093.98,True
77,2022-11-01,31777.95,True
77,2022-12-01,20418.76,True
77,2023-01-01,26349.4,True
77,2023-02-01,47528.45,True
77,2023-03-01,7195.01,True
77,2023-04-01,2333.61,True
77,2023-05-01,37013.18,True
77,2023-06-01,42210.62,True
77,2023-07-01,45048.76,True
77,2023-08-01,30943.83,True
77,2023-09-01,42873.3,True
77,2023-10-01,39845.01,True
77,2023-11-01,46370.09,True
77,2023-12-01,17005.81,True
77,2024-01-01,10421.11,True
77,2024-02-01,11397.84,True
77,2024-03-01,21032.59,True
77,2024-04-01,48205.25,True
77,2024-05-01,34251.23,True
77,2024-06-01,25166.21,True
77,2024-07-01,2258.78,True
77,2024-08-01,15971.55,True
77,2024-09-01,35342.15,True
77,2024-10-01,6978.18,True
77,2024-11-01,48471.28,True
77,2024-12-01,43193.36,True
78,2021-01-01,26154.68,True
78,2021-02-01,14778.35,True
78,2021-03-01,39472.47,True
78,2021-04-01,49527.98,True
78,2021-05-01,39160.08,True
78,2021-06-01,5052.42,True
78,2021-07-01,19287.31,True
78,2021-08-01,10127.42,True
78,2021-09-01,45035.91,True
78,2021-10-01,29039.95,True
78,2021-11-01,12283.58,True
78,2021-12-01,31750.86,True
78,2022-01-01,23801.08,True
78,2022-02-01,30639.2,True
78,2022-03-01,35589.26,True
78,2022-04-01,33134.57,True
78,2022-05-01,2695.05,True
78,2022-06-01,24920.64,True
78,2022-07-01,36714.71,True
78,2022-08-01,14587.03,True
78,2022-09-01,23669.27,True
78,2022-10-01,47534.47,True
78,2022-11-01,6180.19,True
78,2022-12-01,21683.75,True
78,2023-01-01,26533.3,True
78,2023-02-01,22491.76,True
78,2023-03-01,37278.83,True
78,2023-04-01,9702.54,True
78,2023-05-01,44285.97,True
78,2023-06-01,46352.12,True
78,2023-07-01,303.94,True
78,2023-08-01,22918.79,True
78,2023-09-01,19088.18,True
78,2023-10-01,12758.13,True
78,2023-11-01,24817.49,True
78,2023-12-01,1857.94,True
78,2024-01-01,11676.41,True
78,2024-02-01,15956.3,True
78,2024-03-01,14749.57,True
78,2024-04-01,13607.23,True
78,2024-05-01,46786.02,True
78,2024-06-01,29478.64,True
78,2024-07-01,8581.18,True
78,2024-08-01,6247.74,True
78,2024-09-01,41301.43,True
78,2024-10-01,42070.45,True
78,2024-11-01,37199.84,True
78,2024-12-01,13486.86,True
79,2021-01-01,10986.59,False
79,2021-03-01,7494.47,False
79,2021-08-01,18755.33,False
79,2021-12-01,9325.98,False
79,2022-12-01,12211.83,False
79,2023-06-01,41269.19,False
79,2023-09-01,11592.38,False
79,2023-12-01,28016.75,False
79,2024-08-01,5868.85,False
79,2024-10-01,47241.14,False
80,2021-01-01,42799.29,True
80,2021-02-01,6630.91,True
80,2021-03-01,40565.7,True
80,2021-04-01,9965.69,True
80,2021-05-01,41567.98,True
80,2021-06-01,47946.41,True
80,2021-07-01,32316.93,True
80,2021-08-01,47819.09,True
80,2021-09-01,32967.46,True
80,2021-10-01,5665.58,True
80,2021-11-01,835.64,True
80,2021-12-01,24400.01,True
80,2022-01-01,32168.42,True
80,2022-02-01,37391.05,True
80,2022-03-01,41642.06,True
80,2022-04-01,19349.72,True
80,2022-05-01,13441.43,True
80,2022-06-01,33263.54,True
80,2022-07-01,18669.71,True
80,2022-08-01,48755.18,True
80,2022-09-01,36156.72,True
80,2022-10-01,4895.13,True
80,2022-11-01,28654.26,True
80,2022-12-01,35481.21,True
80,2023-01-01,29871.82,True
80,2023-02-01,11216.66,True
80,2023-03-01,19626.6,True
80,2023-04-01,40286.75,True
80,2023-05-01,41303.18,True
80,2023-06-01,25031.2,True
80,2023-07-01,40553.7,True
80,2023-08-01,5939.32,True
80,2023-09-01,29203.67,True
80,2023-10-01,27635.25,True
80,2023-11-01,44537.09,True
80,2023-12-01,202.31,True
80,2024-01-01,41443.63,True
80,2024-02-01,26373.12,True
80,2024-03-01,16360.8,True
80,2024-04-01,18658.54,True
80,2024-05-01,3891.17,True
80,2024-06-01,31302.45,True
80,2024-07-01,47613.0,True
80,2024-08-01,27840.57,True
80,2024-09-01,5328.15,True
80,2024-10-01,19126.73,True
80,2024-11-01,38248.32,True
80,2024-12-01,17730.68,True
81,2021-01-01,10539.3,False
81,2021-02-01,31963.81,False
81,2021-04-01,36305.06,False
81,2021-06-01,9769.99,False
81,2021-07-01,3181.76,False
81,2021-08-01,1745.85,False
81,2021-09-01,29070.54,False
81,2021-10-01,17346.94,False
81,2021-11-01,21722.97,False
81,2021-12-01,21818.84,False
81,2022-01-01,27613.95,False
81,2022-02-01,8207.92,False
81,2022-04-01,2443.37,False
81,2022-05-01,42513.34,False
81,2022-06-01,40406.13,False
81,2022-07-01,1682.81,False
81,2022-09-01,39161.92,False
81,2022-10-01,49351.13,False
81,2022-11-01,4286.85,False
81,2022-12-01,31560.91,False
81,2023-01-01,14355.45,False
81,2023-02-01,37740.04,False
81,2023-03-01,16481.26,False
81,2023-04-01,24031.95,False
81,2023-05-01,36058.36,False
81,2023-08-01,48397.79,False
81,2023-09-01,7740.18,False
81,2023-10-01,2084.86,False
81,2023-11-01,9779.79,False
81,2023-12-01,42685.73,False
81,2024-01-01,827.76,False
81,2024-03-01,44901.9,False
81,2024-04-01,20443.11,False
81,2024-05-01,26076.12,False
81,2024-06-01,41601.72,False
81,2024-07-01,49573.2,False
81,2024-08-01,10610.06,False
81,2024-09-01,37017.58,False
81,2024-10-01,36744.71,False
81,2024-11-01,20301.97,False
81,2024-12-01,3843.02,False
82,2021-01-01,28672.95,True
82,2021-02-01,6175.46,True
82,2021-03-01,31554.69,True
82,2021-04-01,43679.37,True
82,2021-05-01,30976.39,True
82,2021-06-01,21880.01,True
82,2021-07-01,48558.18,True
82,2021-08-01,425.69,True
82,2021-09-01,7348.95,True
82,2021-10-01,42851.34,True
82,2021-11-01,4622.8,True
82,2021-12-01,40189.23,True
82,2022-01-01,23389.07,True
82,2022-02-01,11788.77,True
82,2022-03-01,19303.54,True
82,2022-04-01,8107.58,True
82,2022-05-01,30941.74,True
82,2022-06-01,20773.79,True
82,2022-07-01,4694.52,True
82,2022-08-01,15041.7,True
82,2022-09-01,26250.04,True
82,2022-10-01,33887.36,True
82,2022-11-01,39989.63,True
82,2022-12-01,46175.12,True
82,2023-01-01,15134.47,True
82,2023-02-01,21526.61,True
82,2023-03-01,16774.39,True
82,2023-04-01,33849.31,True
82,2023-05-01,41685.97,True
82,2023-06-01,5214.75,True
82,2023-07-01,21388.23,True
82,2023-08-01,13863.99,True
82,2023-09-01,80.28,True
82,2023-10-01,2830.5,True
82,2023-11-01,32366.64,True
82,2023-12-01,21070.92,True
82,2024-01-01,15112.59,True
82,2024-02-01,10955.04,True
82,2024-03-01,45333.84,True
82,2024-04-01,29066.1,True
82,2024-05-01,170.57,True
82,2024-06-01,10458.92,True
82,2024-07-01,12615.15,True
82,2024-08-01,15980.42,True
82,2024-09-01,14350.96,True
82,2024-10-01,38804.79,True
82,2024-11-01,23016.34,True
82,2024-12-01,46974.56,True
83,2021-01-01,12139.49,True
83,2021-02-01,46742.51,True
83,2021-03-01,20500.44,True
83,2021-04-01,48973.36,True
83,2021-05-01,24103.59,True
83,2021-06-01,37870.46,True
83,2021-07-01,25593.01,True
83,2021-08-01,34636.7,True
83,2021-09-01,26276.64,True
83,2021-10-01,40206.47,True
83,2021-11-01,9900.66,True
83,2021-12-01,22636.28,True
83,2022-01-01,700.37,True
83,2022-02-01,14413.8,True
83,2022-03-01,14754.01,True
83,2022-04-01,45895.13,True
83,2022-05-01,5287.18,True
83,2022-06-01,3252.21,True
83,2022-07-01,36972.08,True
83,2022-08-01,36560.52,True
83,2022-09-01,19622.01,True
83,2022-10-01,23333.31,True
83,2022-11-01,14060.35,True
83,2022-12-01,25643.44,True
83,2023-01-01,39394.89,True
83,2023-02-01,6304.96,True
83,2023-03-01,39938.05,True
83,2023-04-01,1328.79,True
83,2023-05-01,34269.2,True
83,2023-06-01,32713.63,True
83,2023-07-01,25112.45,True
83,2023-08-01,8797.19,True
83,2023-09-01,27718.11,True
83,2023-10-01,35283.68,True
83,2023-11-01,19981.57,True
83,2023-12-01,46638.7,True
83,2024-01-01,12742.15,True
83,2024-02-01,29102.65,True
83,2024-03-01,34675.46,True
83,2024-04-01,44853.28,True
83,2024-05-01,24183.04,True
83,2024-06-01,25527.13,True
83,2024-07-01,21324.05,True
83,2024-08-01,49573.66,True
83,2024-09-01,9954.07,True
83,2024-10-01,18232.86,True
83,2024-11-01,3243.67,True
83,2024-12-01,39163.54,True
84,2021-01-01,372.34,True
84,2021-02-01,29652.47,True
84,2021-03-01,31095.6,True
84,2021-04-01,7666.66,True
84,2021-05-01,47108.43,True
84,2021-06-01,38122.87,True
84,2021-07-01,12876.2,True
84,2021-08-01,26952.23,True
84,2021-09-01,31433.41,True
84,2021-10-01,46339.36,True
84,2021-11-01,14707.57,True
84,2021-12-01,27636.86,True
84,2022-01-01,12330.92,True
84,2022-02-01,41209.26,True
84,2022-03-01,37591.58,True
84,2022-04-01,49372.76,True
84,2022-05-01,48011.7,True
84,2022-06-01,44179.53,True
84,2022-07-01,34339.74,True
84,2022-08-01,21062.63,True
84,2022-09-01,7487.7,True
84,2022-10-01,1508.94,True
84,2022-11-01,46435.18,True
84,2022-12-01,45571.07,True
84,2023-01-01,20373.88,True
84,2023-02-01,29156.53,True
84,2023-03-01,15339.46,True
84,2023-04-01,13502.73,True
84,2023-05-01,14510.35,True
84,2023-06-01,39873.25,True
84,2023-07-01,12477.1,True
84,2023-08-01,5928.07,True
84,2023-09-01,48727.53,True
84,2023-10-01,46326.85,True
84,2023-11-01,16847.88,True
84,2023-12-01,17193.49,True
84,2024-01-01,30749.74,True
84,2024-02-01,42836.86,True
84,2024-03-01,364.49,True
84,2024-04-01,44851.9,True
84,2024-05-01,27149.25,True
84,2024-06-01,32099.81,True
84,2024-07-01,34202.33,True
84,2024-08-01,11972.71,True
84,2024-09-01,33729.56,True
84,2024-10-01,33726.17,True
84,2024-11-01,15335.71,True
84,2024-12-01,30539.97,True
85,2021-01-01,16816.13,True
85,2021-02-01,27560.42,True
85,2021-03-01,17918.06,True
85,2021-04-01,5748.38,True
85,2021-05-01,26953.4,True
85,2021-06-01,13692.8,True
85,2021-07-01,26988.91,True
85,2021-08-01,36584.76,True
85,2021-09-01,16056.69,True
85,2021-10-01,31400.09,True
85,2021-11-01,26455.73,True
85,2021-12-01,26993.24,True
85,2022-01-01,34491.91,True
85,2022-02-01,3120.76,True
85,2022-03-01,26781.13,True
85,2022-04-01,10986.13,True
85,2022-05-01,44468.11,True
85,2022-06-01,6118.67,True
85,2022-07-01,38763.22,True
85,2022-08-01,23407.17,True
85,2022-09-01,48710.35,True
85,2022-10-01,4353.37,True
85,2022-11-01,13544.96,True
85,2022-12-01,22347.75,True
85,2023-01-01,41808.94,True
85,2023-02-01,38423.18,True
85,2023-03-01,26840.54,True
85,2023-04-01,9878.21,True
85,2023-05-01,43492.2,True
85,2023-06-01,23855.53,True
85,2023-07-01,15555.01,True
85,2023-08-01,18369.64,True
85,2023-09-01,20291.22,True
85,2023-10-01,412.97,True
85,2023-11-01,19692.11,True
85,2023-12-01,12368.28,True
85,2024-01-01,27600.15,True
85,2024-02-01,5930.61,True
85,2024-03-01,11644.12,True
85,2024-04-01,11963.46,True
85,2024-05-01,44587.89,True
85,2024-06-01,42014.33,True
85,2024-07-01,486.3,True
85,2024-08-01,14347.45,True
85,2024-09-01,32450.83,True
85,2024-10-01,3716.21,True
85,2024-11-01,40217.49,True
85,2024-12-01,39403.28,True
86,2021-01-01,48953.32,True
86,2021-02-01,37186.53,True
86,2021-03-01,48534.26,True
86,2021-04-01,4664.71,True
86,2021-05-01,31888.39,True
86,2021-06-01,14561.96,True
86,2021-07-01,22203.06,True
86,2021-08-01,47886.01,True
86,2021-09-01,18035.47,True
86,2021-10-01,28004.79,True
86,2021-11-01,5870.11,True
86,2021-12-01,17959.79,True
86,2022-01-01,2090.91,True
86,2022-02-01,31777.29,True
86,2022-03-01,44734.04,True
86,2022-04-01,9276.77,True
86,2022-05-01,18709.52,True
86,2022-06-01,11508.19,True
86,2022-07-01,19903.82,True
86,2022-08-01,31349.49,True
86,2022-09-01,448.96,True
86,2022-10-01,48041.55,True
86,2022-11-01,29153.83,True
86,2022-12-01,1241.59,True
86,2023-01-01,35543.26,True
86,2023-02-01,27316.34,True
86,2023-03-01,41353.01,True
86,2023-04-01,36231.91,True
86,2023-05-01,18063.98,True
86,2023-06-01,25035.31,True
86,2023-07-01,8477.3,True
86,2023-08-01,9340.8,True
86,2023-09-01,1623.78,True
86,2023-10-01,30297.91,True
86,2023-11-01,29461.94,True
86,2023-12-01,1234.45,True
86,2024-01-01,33952.23,True
86,2024-02-01,48336.3,True
86,2024-03-01,46699.19,True
86,2024-04-01,34891.74,True
86,2024-05-01,2444.37,True
86,2024-06-01,47511.63,True
86,2024-07-01,39411.18,True
86,2024-08-01,5355.8,True
86,2024-09-01,5832.86,True
86,2024-10-01,18399.5,True
86,2024-11-01,21345.88,True
86,2024-12-01,11633.81,True
87,2021-02-01,48733.38,False
87,2021-03-01,42614.25,False
87,2021-04-01,44185.7,False
87,2021-05-01,10744.36,False
87,2021-06-01,49981.73,False
87,2021-07-01,31779.7,False
87,2021-08-01,20839.46,False
87,2021-10-01,18615.31,False
87,2021-12-01,25898.38,False
87,2022-01-01,45574.66,False
87,2022-02-01,8545.42,False
87,2022-03-01,38824.26,False
87,2022-04-01,17410.95,False
87,2022-06-01,10771.92,False
87,2022-07-01,30541.38,False
87,2022-08-01,19103.62,False
87,2022-10-01,22812.73,False
87,2022-11-01,24936.29,False
87,2022-12-01,46561.83,False
87,2023-01-01,43588.55,False
87,2023-02-01,31395.45,False
87,2023-03-01,22375.88,False
87,2023-04-01,3193.2,False
87,2023-05-01,35026.78,False
87,2023-07-01,516.57,False
87,2023-09-01,29974.69,False
87,2023-10-01,39162.08,False
87,2023-12-01,8332.43,False
87,2024-01-01,34669.07,False
87,2024-02-01,21054.95,False
87,2024-04-01,36896.0,False
87,2024-06-01,16274.69,False
87,2024-07-01,13209.35,False
87,2024-08-01,46194.1,False
87,2024-09-01,20937.15,False
87,2024-11-01,47737.67,False
87,2024-12-01,21345.24,False
88,2021-01-01,29754.05,False
88,2021-02-01,43325.62,False
88,2021-03-01,24173.12,False
88,2021-04-01,22895.42,False
88,2021-05-01,49659.57,False
88,2021-06-01,15562.33,False
88,2021-07-01,20700.04,False
88,2021-08-01,9592.86,False
88,2021-09-01,35156.3,False
88,2021-10-01,41878.79,False
88,2021-11-01,14674.58,False
88,2022-01-01,35190.28,False
88,2022-02-01,39130.34,False
88,2022-03-01,24342.34,False
88,2022-04-01,24950.41,False
88,2022-05-01,31256.93,False
88,2022-06-01,27255.59,False
88,2022-09-01,8736.76,False
88,2022-10-01,42036.08,False
88,2022-11-01,47923.65,False
88,2023-01-01,28183.75,False
88,2023-04-01,37192.27,False
88,2023-05-01,23350.06,False
88,2023-06-01,38754.9,False
88,2023-07-01,22490.95,False
88,2023-08-01,21377.84,False
88,2023-09-01,13865.83,False
88,2023-10-01,44251.4,False
88,2023-11-01,29301.55,False
88,2023-12-01,46654.65,False
88,2024-01-01,33390.6,False
88,2024-03-01,22338.4,False
88,2024-04-01,683.77,False
88,2024-06-01,35812.24,False
88,2024-08-01,22188.79,False
88,2024-09-01,24495.6,False
88,2024-10-01,7851.96,False
88,2024-11-01,8824.33,False
88,2024-12-01,23395.14,False
89,2021-01-01,47698.45,True
89,2021-02-01,4960.57,True
89,2021-03-01,21809.51,True
89,2021-04-01,26859.2,True
89,2021-05-01,43732.01,True
89,2021-06-01,20993.72,True
89,2021-07-01,32171.04,True
89,2021-08-01,15724.83,True
89,2021-09-01,42366.25,True
89,2021-10-01,3223.56,True
89,2021-11-01,44887.73,True
89,2021-12-01,627.35,True
89,2022-01-01,26351.62,True
89,2022-02-01,37986.77,True
89,2022-03-01,39007.3,True
89,2022-04-01,13925.81,True
89,2022-05-01,4902.73,True
89,2022-06-01,20049.42,True
89,2022-07-01,36470.54,True
89,2022-08-01,47287.52,True
89,2022-09-01,30199.04,True
89,2022-10-01,44224.1,True
89,2022-11-01,43827.66,True
89,2022-12-01,49652.26,True
89,2023-01-01,17059.83,True
89,2023-02-01,26604.45,True
89,2023-03-01,31960.53,True
89,2023-04-01,43880.45,True
89,2023-05-01,41696.65,True
89,2023-06-01,5467.33,True
89,2023-07-01,37652.89,True
89,2023-08-01,49871.25,True
89,2023-09-01,10690.85,True
89,2023-10-01,32342.13,True
89,2023-11-01,37126.91,True
89,2023-12-01,1267.87,True
89,2024-01-01,13125.17,True
89,2024-02-01,48308.38,True
89,2024-03-01,37793.68,True
89,2024-04-01,16072.37,True
89,2024-05-01,19289.81,True
89,2024-06-01,20204.46,True
89,2024-07-01,32690.04,True
89,2024-08-01,29837.22,True
89,2024-09-01,7070.5,True
89,2024-10-01,10767.27,True
89,2024-11-01,41449.51,True
89,2024-12-01,2281.53,True
90,2021-02-01,32657.71,False
90,2021-03-01,42618.38,False
90,2021-05-01,20317.26,False
90,2021-06-01,16432.73,False
90,2021-07-01,11518.09,False
90,2021-08-01,42177.07,False
90,2021-09-01,9018.29,False
90,2021-11-01,20669.87,False
90,2022-03-01,3479.69,False
90,2022-05-01,26681.92,False
90,2022-07-01,29609.42,False
90,2022-08-01,6140.45,False
90,2022-09-01,49541.22,False
90,2022-10-01,6611.07,False
90,2022-11-01,25806.23,False
90,2022-12-01,5233.08,False
90,2023-01-01,28706.8,False
90,2023-03-01,42069.75,False
90,2023-04-01,18440.9,False
90,2023-05-01,5093.19,False
90,2023-06-01,32021.11,False
90,2023-08-01,3309.95,False
90,2023-10-01,9021.57,False
90,2023-12-01,49163.79,False
90,2024-03-01,12810.48,False
90,2024-04-01,31082.78,False
90,2024-05-01,3647.27,False
90,2024-06-01,17428.87,False
90,2024-07-01,6915.2,False
90,2024-08-01,21953.73,False
90,2024-09-01,21864.08,False
90,2024-11-01,3577.49,False
90,2024-12-01,9957.52,False
91,2021-01-01,45080.07,True
91,2021-02-01,16259.71,True
91,2021-03-01,12043.24,True
91,2021-04-01,22938.49,True
91,2021-05-01,17829.45,True
91,2021-06-01,48719.21,True
91,2021-07-01,14423.15,True
91,2021-08-01,9141.29,True
91,2021-09-01,25856.36,True
91,2021-10-01,17540.63,True
91,2021-11-01,23242.33,True
91,2021-12-01,48942.77,True
91,2022-01-01,21809.36,True
91,2022-02-01,48961.91,True
91,2022-03-01,33640.87,True
91,2022-04-01,44337.89,True
91,2022-05-01,15300.75,True
91,2022-06-01,30094.53,True
91,2022-07-01,12307.85,True
91,2022-08-01,9213.1,True
91,2022-09-01,30799.79,True
91,2022-10-01,29275.45,True
91,2022-11-01,43728.51,True
91,2022-12-01,29795.4,True
91,2023-01-01,48961.6,True
91,2023-02-01,23802.32,True
91,2023-03-01,14387.64,True
91,2023-04-01,48169.4,True
91,2023-05-01,39792.83,True
91,2023-06-01,1205.52,True
91,2023-07-01,21952.41,True
91,2023-08-01,16765.34,True
91,2023-09-01,17983.39,True
91,2023-10-01,17803.66,True
91,2023-11-01,25863.42,True
91,2023-12-01,4809.72,True
91,2024-01-01,25607.57,True
91,2024-02-01,206.71,True
91,2024-03-01,23032.85,True
91,2024-04-01,18169.81,True
91,2024-05-01,43308.65,True
91,2024-06-01,17109.17,True
91,2024-07-01,13129.23,True
91,2024-08-01,36150.37,True
91,2024-09-01,22553.59,True
91,2024-10-01,43148.66,True
91,2024-11-01,129.27,True
91,2024-12-01,12472.62,True
92,2021-01-01,17694.41,True
92,2021-02-01,47870.2,True
92,2021-03-01,39687.05,True
92,2021-04-01,5280.3,True
92,2021-05-01,8917.41,True
92,2021-06-01,3278.13,True
92,2021-07-01,26116.54,True
92,2021-08-01,37592.66,True
92,2021-09-01,12817.44,True
92,2021-10-01,27677.02,True
92,2021-11-01,21762.3,True
92,2021-12-01,30285.55,True
92,2022-01-01,33550.52,True
92,2022-02-01,27396.38,True
92,2022-03-01,15013.86,True
92,2022-04-01,1770.36,True
92,2022-05-01,38942.89,True
92,2022-06-01,7518.17,True
92,2022-07-01,10349.6,True
92,2022-08-01,28994.18,True
92,2022-09-01,45983.1,True
92,2022-10-01,14559.6,True
92,2022-11-01,26961.93,True
92,2022-12-01,29117.62,True
92,2023-01-01,9973.09,True
92,2023-02-01,13625.27,True
92,2023-03-01,5994.38,True
92,2023-04-01,31276.16,True
92,2023-05-01,9467.76,True
92,2023-06-01,35655.72,True
92,2023-07-01,27724.85,True
92,2023-08-01,1881.56,True
92,2023-09-01,25478.27,True
92,2023-10-01,42817.09,True
92,2023-11-01,13526.63,True
92,2023-12-01,1844.44,True
92,2024-01-01,12166.18,True
92,2024-02-01,38773.58,True
92,2024-03-01,2879.4,True
92,2024-04-01,23497.34,True
92,2024-05-01,33665.3,True
92,2024-06-01,3866.56,True
92,2024-07-01,45583.29,True
92,2024-08-01,18738.46,True
92,2024-09-01,40569.16,True
92,2024-10-01,6802.85,True
92,2024-11-01,6072.25,True
92,2024-12-01,15241.03,True
93,2021-01-01,23693.55,True
93,2021-02-01,9207.28,True
93,2021-03-01,2954.34,True
93,2021-04-01,9222.07,True
93,2021-05-01,31722.4,True
93,2021-06-01,17475.75,True
93,2021-07-01,35900.56,True
93,2021-08-01,7597.28,True
93,2021-09-01,32578.34,True
93,2021-10-01,7752.99,True
93,2021-11-01,49118.6,True
93,2021-12-01,28822.68,True
93,2022-01-01,19802.72,True
93,2022-02-01,29122.4,True
93,2022-03-01,41887.79,True
93,2022-04-01,14043.41,True
93,2022-05-01,15496.5,True
93,2022-06-01,411.71,True
93,2022-07-01,9759.75,True
93,2022-08-01,13096.06,True
93,2022-09-01,12977.97,True
93,2022-10-01,47114.46,True
93,2022-11-01,27351.75,True
93,2022-12-01,8256.3,True
93,2023-01-01,10415.19,True
93,2023-02-01,42417.51,True
93,2023-03-01,7342.22,True
93,2023-04-01,47732.93,True
93,2023-05-01,16800.72,True
93,2023-06-01,29694.79,True
93,2023-07-01,42909.04,True
93,2023-08-01,1366.44,True
93,2023-09-01,13250.57,True
93,2023-10-01,46825.72,True
93,2023-11-01,47969.01,True
93,2023-12-01,9976.47,True
93,2024-01-01,32941.76,True
93,2024-02-01,36503.2,True
93,2024-03-01,31665.8,True
93,2024-04-01,13191.6,True
93,2024-05-01,38672.08,True
93,2024-06-01,8467.59,True
93,2024-07-01,10188.77,True
93,2024-08-01,29277.51,True
93,2024-09-01,488.52,True
93,2024-10-01,35827.98,True
93,2024-11-01,28143.1,True
93,2024-12-01,38335.12,True
94,2021-01-01,23207.1,True
94,2021-02-01,23281.41,True
94,2021-03-01,17734.6,True
94,2021-04-01,45415.01,True
94,2021-05-01,46198.15,True
94,2021-06-01,23846.82,True
94,2021-07-01,47125.62,True
94,2021-08-01,16597.11,True
94,2021-09-01,23083.62,True
94,2021-10-01,3128.71,True
94,2021-11-01,7869.0,True
94,2021-12-01,30671.31,True
94,2022-01-01,637.27,True
94,2022-02-01,48592.84,True
94,2022-03-01,40081.11,True
94,2022-04-01,661.18,True
94,2022-05-01,34954.45,True
94,2022-06-01,4517.19,True
94,2022-07-01,48596.92,True
94,2022-08-01,17690.39,True
94,2022-09-01,15364.46,True
94,2022-10-01,43279.54,True
94,2022-11-01,7795.75,True
94,2022-12-01,41021.88,True
94,2023-01-01,10445.19,True
94,2023-02-01,21657.89,True
94,2023-03-01,18786.24,True
94,2023-04-01,32071.75,True
94,2023-05-01,11289.06,True
94,2023-06-01,43550.79,True
94,2023-07-01,44848.85,True
94,2023-08-01,19794.24,True
94,2023-09-01,8326.92,True
94,2023-10-01,6180.16,True
94,2023-11-01,2102.8,True
94,2023-12-01,10115.04,True
94,2024-01-01,48381.21,True
94,2024-02-01,18939.66,True
94,2024-03-01,18200.08,True
94,2024-04-01,40344.41,True
94,2024-05-01,5790.87,True
94,2024-06-01,42365.13,True
94,2024-07-01,47608.6,True
94,2024-08-01,29612.06,True
94,2024-09-01,5236.23,True
94,2024-10-01,40551.37,True
94,2024-11-01,42064.38,True
94,2024-12-01,43963.73,True
95,2021-01-01,12326.29,True
95,2021-02-01,37171.6,True
95,2021-03-01,27088.81,True
95,2021-04-01,38798.61,True
95,2021-05-01,35442.89,True
95,2021-06-01,8618.08,True
95,2021-07-01,46385.94,True
95,2021-08-01,25229.51,True
95,2021-09-01,45675.93,True
95,2021-10-01,33701.38,True
95,2021-11-01,19438.17,True
95,2021-12-01,11061.14,True
95,2022-01-01,41003.55,True
95,2022-02-01,10863.49,True
95,2022-03-01,17532.32,True
95,2022-04-01,31934.93,True
95,2022-05-01,3012.15,True
95,2022-06-01,48202.05,True
95,2022-07-01,31914.94,True
95,2022-08-01,41778.92,True
95,2022-09-01,531.65,True
95,2022-10-01,42657.37,True
95,2022-11-01,31345.45,True
95,2022-12-01,8038.78,True
95,2023-01-01,27748.87,True
95,2023-02-01,12534.88,True
95,2023-03-01,21242.01,True
95,2023-04-01,47352.27,True
95,2023-05-01,11964.37,True
95,2023-06-01,7360.12,True
95,2023-07-01,38549.22,True
95,2023-08-01,16535.14,True
95,2023-09-01,44457.98,True
95,2023-10-01,23461.06,True
95,2023-11-01,3840.51,True
95,2023-12-01,17000.84,True
95,2024-01-01,15645.34,True
95,2024-02-01,644.54,True
95,2024-03-01,6836.16,True
95,2024-04-01,8981.15,True
95,2024-05-01,40558.35,True
95,2024-06-01,14519.26,True
95,2024-07-01,17157.56,True
95,2024-08-01,10008.22,True
95,2024-09-01,8396.99,True
95,2024-10-01,35826.94,True
95,2024-11-01,8727.38,True
95,2024-12-01,20748.49,True
96,2021-05-01,16886.15,False
96,2021-06-01,31656.41,False
96,2021-07-01,1485.74,False
96,2021-12-01,14422.78,False
96,2022-07-01,4559.07,False
96,2023-04-01,8996.32,False
96,2023-09-01,41460.27,False
96,2024-05-01,39458.66,False
97,2021-01-01,42927.08,True
97,2021-02-01,7074.64,True
97,2021-03-01,26299.95,True
97,2021-04-01,21723.02,True
97,2021-05-01,5412.57,True
97,2021-06-01,33831.7,True
97,2021-07-01,3036.25,True
97,2021-08-01,12028.32,True
97,2021-09-01,31751.09,True
97,2021-10-01,36391.93,True
97,2021-11-01,23303.75,True
97,2021-12-01,28908.84,True
97,2022-01-01,5094.05,True
97,2022-02-01,7809.0,True
97,2022-03-01,44299.25,True
97,2022-04-01,29856.51,True
97,2022-05-01,3752.67,True
97,2022-06-01,41646.49,True
97,2022-07-01,9312.74,True
97,2022-08-01,22185.65,True
97,2022-09-01,35138.8,True
97,2022-10-01,6222.82,True
97,2022-11-01,14380.67,True
97,2022-12-01,43896.57,True
97,2023-01-01,43880.02,True
97,2023-02-01,22060.2,True
97,2023-03-01,8766.74,True
97,2023-04-01,28381.85,True
97,2023-05-01,12542.57,True
97,2023-06-01,47680.31,True
97,2023-07-01,35932.53,True
97,2023-08-01,9584.27,True
97,2023-09-01,18926.42,True
97,2023-10-01,21549.55,True
97,2023-11-01,20909.04,True
97,2023-12-01,37756.48,True
97,2024-01-01,43280.01,True
97,2024-02-01,33307.33,True
97,2024-03-01,32829.3,True
97,2024-04-01,24783.41,True
97,2024-05-01,42967.51,True
97,2024-06-01,40126.28,True
97,2024-07-01,28084.74,True
97,2024-08-01,32900.9,True
97,2024-09-01,38933.13,True
97,2024-10-01,23772.05,True
97,2024-11-01,28698.77,True
97,2024-12-01,17135.75,True
98,2021-01-01,44850.59,True
98,2021-02-01,47511.71,True
98,2021-03-01,4962.37,True
98,2021-04-01,29237.04,True
98,2021-05-01,10928.94,True
98,2021-06-01,33534.58,True
98,2021-07-01,30669.75,True
98,2021-08-01,17060.59,True
98,2021-09-01,43802.05,True
98,2021-10-01,1838.02,True
98,2021-11-01,46801.39,True
98,2021-12-01,35091.42,True
98,2022-01-01,3188.29,True
98,2022-02-01,43783.8,True
98,2022-03-01,27802.41,True
98,2022-04-01,11493.66,True
98,2022-05-01,32567.89,True
98,2022-06-01,23296.46,True
98,2022-07-01,31364.67,True
98,2022-08-01,46040.24,True
98,2022-09-01,48701.0,True
98,2022-10-01,25354.02,True
98,2022-11-01,26120.25,True
98,2022-12-01,35740.36,True
98,2023-01-01,21716.58,True
98,2023-02-01,7141.07,True
98,2023-03-01,48703.16,True
98,2023-04-01,10966.28,True
98,2023-05-01,3344.58,True
98,2023-06-01,2599.73,True
98,2023-07-01,36335.13,True
98,2023-08-01,28687.1,True
98,2023-09-01,4891.44,True
98,2023-10-01,43797.0,True
98,2023-11-01,15840.08,True
98,2023-12-01,12464.04,True
98,2024-01-01,12276.49,True
98,2024-02-01,14743.38,True
98,2024-03-01,25296.07,True
98,2024-04-01,9666.77,True
98,2024-05-01,3211.05,True
98,2024-06-01,17143.4,True
98,2024-07-01,44264.89,True
98,2024-08-01,34813.89,True
98,2024-09-01,40625.52,True
98,2024-10-01,36834.31,True
98,2024-11-01,45905.65,True
98,2024-12-01,2173.79,True
99,2021-01-01,49770.22,True
99,2021-02-01,18995.05,True
99,2021-03-01,40475.33,True
99,2021-04-01,16142.1,True
99,2021-05-01,24063.26,True
99,2021-06-01,38432.14,True
99,2021-07-01,35712.1,True
99,2021-08-01,44343.16,True
99,2021-09-01,10115.99,True
99,2021-10-01,35734.37,True
99,2021-11-01,46438.34,True
99,2021-12-01,30341.75,True
99,2022-01-01,39469.45,True
99,2022-02-01,42399.13,True
99,2022-03-01,31817.73,True
99,2022-04-01,4204.19,True
99,2022-05-01,26850.37,True
99,2022-06-01,47562.14,True
99,2022-07-01,34233.53,True
99,2022-08-01,30188.48,True
99,2022-09-01,21624.0,True
99,2022-10-01,19990.56,True
99,2022-11-01,49958.16,True
99,2022-12-01,42805.07,True
99,2023-01-01,40229.14,True
99,2023-02-01,18962.77,True
99,2023-03-01,27890.94,True
99,2023-04-01,40839.41,True
99,2023-05-01,28406.33,True
99,2023-06-01,14746.73,True
99,2023-07-01,34908.05,True
99,2023-08-01,11821.4,True
99,2023-09-01,24671.16,True
99,2023-10-01,11988.41,True
99,2023-11-01,2652.35,True
99,2023-12-01,16609.2,True
99,2024-01-01,8878.16,True
99,2024-02-01,2414.46,True
99,2024-03-01,43489.85,True
99,2024-04-01,19237.47,True
99,2024-05-01,45374.46,True
99,2024-06-01,14098.57,True
99,2024-07-01,44350.47,True
99,2024-08-01,12575.08,True
99,2024-09-01,48835.1,True
99,2024-10-01,42072.63,True
99,2024-11-01,3836.83,True
99,2024-12-01,20648.71,True
100,2021-09-01,25333.65,False
100,2021-12-01,6027.81,False
100,2024-07-01,34412.81,False
